A00168100,1,2,3,4,5,0,1,2,3,4,5,0,1,2,3,4,5,0,1,2,3,4,5,3,3,3,2,4,3,2,3,3,4,5,5,4,3,1,2,3,4,5,1,1,2,3,4,4,5,0,1,2,3,4,5,5,4,3,2,1,2,3,4,5,0,5,4,3,2,1,2,3<br>
A00226775,4,3,3,2,4,5,4,1,5,5,1,2,4,4,3,2,4,5,2,3,5,3,2,2,4,4,2,1,4,5,3,1,2,1,4,1,4,3,2,1,4,4,1,1,5,3,1,1,3,5,1,1,5,5,1,1,4,5,3,1,5,5,1,1,5,5,4,1,2,2,4,4<br>
A00226797,4,2,4,4,5,5,5,1,5,2,1,4,1,2,1,3,5,4,1,4,4,0,5,3,5,2,4,1,5,1,5,2,4,1,2,1,3,1,1,4,4,1,1,4,3,1,5,3,2,5,1,1,5,3,1,1,5,5,3,4,1,5,1,1,1,3,4,1,5,2,5,3<br>
A00226821,5,3,3,3,4,3,4,1,5,4,1,2,4,4,2,2,4,4,2,2,4,4,2,1,4,4,2,1,4,2,4,2,4,2,1,1,3,3,2,2,4,2,3,1,5,4,4,1,4,4,2,1,5,4,1,2,4,4,4,2,3,4,2,1,3,4,3,2,2,2,4,4<br>
A00226850,4,5,3,1,4,4,5,1,5,5,1,1,5,4,2,3,5,4,2,1,4,4,1,1,5,5,2,1,5,5,4,1,5,1,1,1,5,5,3,1,4,3,2,1,5,5,3,1,5,5,1,2,5,4,1,1,5,5,3,2,4,5,1,1,4,4,0,2,2,2,3,4<br>
A00369839,4,4,4,4,2,5,1,1,5,4,1,4,3,4,1,3,4,5,1,1,5,0,5,1,5,5,3,1,5,5,5,1,5,1,1,0,5,3,3,1,4,5,1,1,5,5,3,1,4,4,1,3,5,2,3,1,5,5,5,1,1,5,1,1,4,5,5,1,1,1,3,4<br>
A00517067,4,4,3,2,2,2,4,1,5,5,1,2,5,5,1,4,5,5,1,3,5,5,1,1,5,5,3,1,5,2,5,2,5,1,1,1,5,4,1,2,5,3,3,5,5,4,3,1,3,5,1,2,5,5,1,2,5,5,3,2,2,4,1,1,2,5,4,3,4,2,4,4<br>
A00517077,4,3,2,3,4,3,5,1,5,4,1,5,2,4,3,4,4,4,3,4,4,1,1,2,3,4,4,1,4,3,4,2,4,1,1,1,4,3,2,1,4,3,3,4,4,4,4,3,4,4,1,2,5,5,1,2,4,4,3,2,2,4,1,1,2,4,4,2,3,3,4,4<br>
A00517082,1,3,4,2,4,3,4,1,5,4,1,5,1,3,4,4,3,4,3,3,4,3,4,2,4,4,4,3,3,5,4,2,5,1,1,1,4,4,2,3,4,2,3,1,4,2,4,1,5,5,1,3,5,3,1,1,5,5,3,1,4,4,1,5,0,4,4,1,4,4,3,5<br>
A00517088,5,4,4,5,5,3,1,1,4,3,1,4,3,4,2,4,3,2,2,2,4,4,4,1,5,4,3,4,5,2,4,2,4,1,2,1,4,4,2,1,5,3,1,2,5,5,3,2,1,5,1,1,5,5,1,3,5,5,4,1,2,4,2,1,3,5,4,1,4,3,4,4<br>
A00517097,5,3,4,2,5,5,4,1,5,3,1,5,2,4,4,3,4,4,2,2,4,4,2,2,4,4,2,2,3,4,2,2,4,2,2,2,4,3,2,2,4,4,4,3,3,3,4,4,4,4,2,4,4,4,2,2,4,4,3,4,2,4,2,2,3,4,2,4,4,3,4,2<br>
A00517113,5,4,4,2,5,5,2,1,5,4,1,1,4,4,3,4,4,2,1,3,4,1,5,1,4,4,3,4,5,1,3,2,5,1,2,1,4,4,4,1,5,4,1,3,5,4,2,1,3,3,1,4,5,5,1,1,5,5,5,1,3,5,1,1,2,4,5,1,3,4,4,4<br>
A00517122,5,3,4,1,4,4,3,1,3,5,1,5,3,4,2,3,3,4,2,4,4,0,4,1,5,4,4,2,3,1,5,4,1,1,1,1,4,4,2,1,5,3,5,5,2,1,5,4,4,5,1,1,4,4,3,2,4,4,4,4,2,4,4,5,4,3,4,5,4,4,2,2<br>
A00571039,5,1,4,1,5,5,5,4,5,5,1,4,3,4,2,5,5,5,3,4,4,5,4,3,5,4,5,4,4,5,5,3,5,1,1,1,4,4,1,3,5,4,5,4,5,4,5,2,5,5,1,5,5,4,1,1,5,5,4,2,5,5,1,4,4,5,4,2,4,3,5,4<br>
A00571048,4,3,3,1,4,2,5,1,4,5,2,5,3,4,3,2,4,4,2,2,5,4,4,1,5,5,2,3,5,2,5,1,5,5,3,1,5,3,2,2,3,5,3,1,5,5,2,2,4,5,1,3,5,5,2,1,5,5,2,1,2,5,1,4,4,5,5,1,2,3,4,4<br>
A00571062,5,3,3,2,4,3,4,1,5,5,1,4,3,5,1,3,4,4,1,3,5,5,1,1,5,5,3,1,4,4,4,2,4,1,1,1,5,2,1,1,5,4,3,1,4,3,3,1,3,4,1,1,5,4,1,1,4,4,2,2,3,5,1,1,3,4,4,1,2,2,5,5<br>
A00571093,5,4,4,2,5,5,4,1,5,5,1,2,2,4,1,1,4,4,2,4,4,2,1,2,5,4,4,1,5,2,4,1,5,1,1,1,5,2,2,1,5,1,4,1,5,4,4,1,2,5,1,4,1,4,1,5,2,5,4,1,4,5,2,1,3,5,4,1,4,4,4,4<br>
A00821833,2,3,5,1,5,4,1,1,5,1,1,3,4,5,1,1,5,4,1,3,5,1,4,1,4,4,1,1,5,1,4,3,5,1,1,1,3,2,3,1,4,3,1,2,5,4,5,3,4,5,1,1,5,5,1,3,5,5,5,1,2,4,2,4,3,3,4,2,1,2,5,4<br>
A00822648,4,3,5,4,3,4,3,1,4,4,2,5,3,3,4,5,5,3,3,3,2,0,3,3,4,2,3,1,2,2,4,4,2,1,1,1,3,1,4,1,4,3,4,4,3,4,4,3,4,5,1,3,4,2,5,1,3,4,4,4,1,3,1,1,4,4,5,3,5,4,3,3<br>
A00823469,5,4,3,1,4,4,2,1,5,4,1,2,3,3,1,3,4,4,2,3,4,4,2,2,4,4,3,1,3,3,3,1,4,1,1,1,4,3,1,1,5,3,3,1,4,4,3,1,5,4,1,1,5,4,0,2,4,4,3,2,4,4,1,1,2,4,3,1,4,2,4,4<br>
A00824151,4,2,3,2,4,5,5,2,5,3,1,4,3,4,2,2,3,4,2,3,4,5,4,2,5,3,4,1,4,5,5,1,5,1,1,1,4,2,2,1,5,3,5,1,3,2,4,2,4,4,1,4,5,4,1,1,5,5,3,1,2,4,1,1,3,4,3,1,2,2,5,4<br>
A00824251,5,3,4,3,4,5,5,1,4,4,1,4,2,4,1,5,5,3,4,4,4,4,3,2,3,4,3,1,5,4,5,3,4,1,2,1,4,5,2,1,5,3,2,2,4,3,4,1,3,4,1,2,5,4,1,3,4,4,4,4,3,4,1,2,4,4,5,4,4,3,3,3<br>
A00824296,4,2,4,2,3,5,4,2,5,2,1,3,2,5,2,3,4,4,2,1,4,5,1,1,4,2,5,4,4,4,4,2,5,1,1,1,4,3,3,2,5,2,2,1,4,4,3,4,3,4,5,2,5,3,1,1,3,4,4,4,2,4,2,2,4,4,3,2,3,2,4,4<br>
A00824305,5,2,5,1,4,2,1,1,5,5,1,4,4,5,2,4,5,5,2,4,4,5,2,2,5,4,4,1,4,1,5,1,5,1,1,1,5,4,2,1,4,3,2,4,5,5,5,1,4,4,1,4,5,4,1,4,5,5,4,1,1,4,1,4,4,5,4,1,3,2,5,5<br>
A00824334,4,3,4,2,3,4,3,1,5,5,2,1,4,5,1,3,4,4,2,3,5,5,2,1,5,4,2,1,4,5,5,3,4,1,1,1,4,3,2,1,4,3,0,1,4,4,3,2,4,4,1,2,5,0,0,3,4,5,4,3,2,4,1,3,4,5,4,2,3,2,4,4<br>
A00824340,5,1,4,2,4,2,5,1,5,5,1,1,5,5,3,2,5,5,2,2,5,0,3,2,5,2,2,3,5,5,4,1,5,3,1,1,4,2,2,1,5,4,5,1,3,2,4,2,5,5,1,1,5,5,1,4,5,3,5,4,5,5,1,1,4,5,5,1,4,1,5,5<br>
A00824342,5,3,3,2,4,4,4,3,5,5,2,4,3,4,4,5,3,4,3,4,4,1,4,2,4,3,3,3,4,2,4,2,4,1,1,1,4,2,3,2,5,4,3,3,4,4,4,2,4,4,4,4,4,4,2,1,4,5,3,2,3,4,2,4,3,3,4,2,4,3,4,3<br>
A00824347,5,4,4,3,5,5,4,1,5,4,1,4,3,4,2,3,5,4,2,4,4,0,2,1,5,5,2,1,4,5,4,1,5,0,0,0,5,3,3,1,5,4,3,1,5,4,5,2,5,5,0,0,5,5,1,4,5,5,4,1,5,4,2,4,3,5,3,1,4,4,4,4<br>
A00824373,5,4,4,3,4,4,5,5,3,5,1,1,3,4,2,2,5,4,2,3,4,0,4,1,3,5,4,1,4,1,4,1,5,1,1,1,5,5,2,1,4,3,1,1,5,5,3,2,3,5,1,1,5,4,1,1,3,5,5,1,1,5,1,1,4,4,5,1,3,2,5,5<br>
A00824410,4,4,1,1,3,4,4,1,5,5,1,4,4,5,3,4,4,5,2,3,5,0,4,1,5,4,3,1,5,5,2,1,5,1,1,1,5,3,1,1,5,5,3,1,5,3,2,1,5,5,1,1,5,3,1,1,5,5,4,1,3,5,1,1,3,5,3,1,2,1,5,5<br>
A00824420,4,3,4,1,4,4,1,1,5,4,1,3,2,4,2,3,4,0,2,2,5,0,1,3,3,4,2,4,3,1,4,1,4,2,1,0,5,4,2,1,3,3,5,2,4,3,4,2,4,4,1,1,5,3,1,1,5,5,5,2,3,4,1,4,3,4,5,1,3,2,4,4<br>
A00824431,5,3,4,1,2,2,2,1,5,4,1,4,3,4,3,4,4,4,4,4,5,1,3,2,5,2,4,1,4,2,5,1,5,1,1,1,4,1,3,2,5,1,4,2,2,1,4,2,5,2,1,2,5,4,1,4,4,5,4,4,3,4,2,4,2,5,3,2,4,4,4,2<br>
A00824480,5,4,3,1,5,5,4,1,5,5,1,3,5,4,2,3,5,5,2,2,5,4,1,1,5,5,1,2,4,3,4,1,5,2,0,1,5,4,1,1,5,3,2,1,5,5,3,3,5,5,1,2,5,5,1,2,5,5,3,1,4,5,1,2,5,5,4,4,2,3,4,4<br>
A00824481,5,4,4,2,3,4,5,1,5,4,1,2,4,5,3,4,5,3,2,4,4,3,4,1,5,3,4,1,4,4,4,2,3,1,4,1,4,3,2,2,4,4,4,3,5,4,4,2,2,4,1,2,5,4,1,2,5,5,4,3,4,4,2,1,3,4,3,5,4,2,4,3<br>
A00824495,4,3,4,2,5,5,5,1,5,5,2,1,2,5,1,4,5,4,2,4,5,4,2,1,5,4,3,1,4,2,3,3,4,0,0,1,4,4,3,1,4,3,2,1,5,4,5,3,5,5,1,1,5,5,1,1,4,5,4,2,2,4,1,1,3,4,4,2,4,2,4,5<br>
A00824501,5,4,1,1,4,4,4,1,5,5,1,4,4,5,1,1,4,5,1,1,5,0,4,1,5,4,2,1,3,4,2,1,5,1,1,1,4,4,1,1,5,4,2,1,5,4,3,1,5,5,1,4,5,5,1,1,5,5,3,1,3,5,1,1,5,5,5,1,1,2,5,5<br>
A00824507,3,4,5,3,4,5,5,5,5,4,2,5,2,2,4,5,4,3,4,3,4,1,5,1,3,4,3,4,3,4,4,3,4,1,1,1,4,4,4,2,4,3,1,1,5,4,3,1,3,5,4,1,5,5,1,2,3,5,3,2,4,3,3,4,3,4,4,2,5,4,2,2<br>
A00824532,5,3,4,3,3,4,4,4,5,5,1,3,2,3,3,5,4,4,4,3,3,1,4,1,5,3,3,2,3,4,5,1,5,1,4,1,3,2,2,2,5,2,3,2,5,2,3,2,3,5,1,3,5,5,2,1,4,5,4,4,3,4,2,2,2,5,3,2,4,4,3,4<br>
A00824542,4,2,5,3,4,5,5,1,5,5,1,4,2,2,1,4,4,3,4,5,2,1,2,1,3,3,4,1,1,0,4,2,4,1,1,0,4,2,2,2,5,2,4,1,4,3,3,2,4,5,1,2,5,5,1,2,4,5,4,2,3,4,2,4,4,4,4,2,4,3,4,4<br>
A00824543,5,4,3,2,5,4,4,1,5,4,2,2,3,4,2,3,5,5,2,2,4,4,4,2,5,4,3,1,5,3,3,1,4,2,1,1,5,4,2,2,4,3,3,1,5,3,3,2,5,4,1,2,5,2,1,3,4,5,3,2,2,4,2,2,4,4,4,2,2,2,4,4<br>
A00824576,5,2,4,2,2,2,5,1,5,5,1,3,4,5,4,4,3,4,4,4,4,3,4,1,4,4,4,2,2,4,5,1,4,1,1,1,4,3,2,1,5,1,4,2,5,4,2,4,5,4,1,2,5,4,1,3,4,5,5,2,3,4,1,5,2,3,4,1,4,5,2,3<br>
A00824622,5,4,4,2,2,2,4,1,5,4,1,5,2,3,2,2,5,5,2,4,2,2,4,2,4,2,4,2,2,2,5,4,5,0,0,0,5,5,2,2,5,1,4,1,3,2,4,2,5,4,1,1,5,4,1,1,4,4,3,2,2,4,1,1,4,5,4,1,4,2,4,4<br>
A00824642,5,4,2,1,3,5,5,1,5,4,1,4,3,5,1,2,5,5,2,3,5,5,2,1,5,4,4,1,5,2,4,1,5,1,1,1,5,3,1,1,5,4,1,1,5,1,5,1,4,5,1,1,5,5,1,1,5,5,4,1,1,4,1,1,0,5,3,1,2,4,5,5<br>
A00824647,4,3,5,2,3,2,2,1,5,4,1,3,3,4,4,4,4,5,1,1,4,0,2,1,5,4,3,1,5,4,5,1,5,1,3,1,4,4,2,1,5,3,4,1,5,5,4,2,3,4,1,5,4,4,2,2,5,5,4,2,3,4,2,1,3,4,3,1,4,5,2,3<br>
A00824657,5,4,4,1,4,3,5,1,5,5,1,5,4,5,1,3,4,5,2,4,5,2,4,1,5,4,3,1,5,5,4,1,5,1,1,1,4,4,1,2,5,3,3,3,5,5,3,2,3,5,3,2,5,5,1,3,5,5,4,2,4,5,1,1,4,4,5,1,2,2,5,4<br>
A00824663,5,5,3,2,4,4,4,1,5,5,2,2,4,4,1,2,4,4,2,2,4,2,2,1,4,4,4,1,4,5,4,1,5,1,1,1,4,2,1,1,5,3,4,1,5,3,3,1,5,4,1,1,5,5,1,1,5,5,2,1,2,4,2,1,3,5,4,1,2,2,4,4<br>
A00824666,5,2,4,1,4,4,4,1,5,5,1,4,2,2,2,2,4,5,1,2,3,2,2,1,5,4,4,1,4,2,4,2,5,1,1,1,5,5,1,3,5,2,3,1,4,4,4,2,1,4,1,1,5,5,1,1,4,5,3,2,2,3,1,2,3,4,4,1,2,3,5,4<br>
A00824675,5,3,4,1,5,5,3,1,5,5,1,4,5,5,2,2,5,5,2,3,5,0,1,1,5,5,4,1,5,4,3,1,5,1,1,1,5,3,1,1,5,4,2,1,5,4,3,1,4,5,1,1,5,3,1,3,5,5,3,2,2,5,1,4,3,5,3,2,2,3,4,4<br>
A00824679,5,4,4,1,5,4,3,1,5,4,1,3,3,4,2,4,5,5,3,2,5,0,4,1,5,4,3,2,5,3,3,1,5,0,1,0,4,3,2,1,5,4,3,1,5,5,4,2,4,5,1,1,5,5,1,2,4,5,3,1,2,5,1,1,3,5,3,1,4,2,4,4<br>
A00824688,5,2,3,1,4,1,5,0,3,2,3,4,2,3,4,2,5,5,1,3,5,3,1,1,4,4,3,2,5,5,3,2,5,1,1,1,4,4,1,1,5,4,5,1,4,3,5,2,4,5,1,3,5,5,1,1,3,5,3,1,5,5,3,4,4,5,3,1,3,4,3,5<br>
A00824703,5,2,3,2,4,4,5,1,5,5,2,5,3,3,2,2,5,5,2,4,3,0,5,4,4,4,4,1,3,4,3,3,5,1,1,1,4,3,2,2,5,5,5,3,2,4,3,4,5,5,1,1,5,4,1,3,4,5,4,2,1,5,1,1,4,5,1,1,4,2,5,5<br>
A00824705,4,4,5,2,5,4,5,1,4,3,4,4,2,3,5,4,3,1,5,4,3,1,4,5,2,3,4,5,5,4,2,2,4,2,1,1,4,1,2,2,4,1,2,4,4,1,4,4,3,4,4,4,3,4,1,1,4,5,3,1,4,4,4,5,2,4,3,3,4,4,3,3<br>
A00824713,5,1,4,3,4,4,4,1,5,5,1,2,4,3,3,2,4,5,2,1,4,4,4,2,5,5,0,4,5,4,3,1,5,1,1,5,5,1,2,1,5,5,5,4,5,3,5,1,4,5,1,5,5,5,1,1,5,5,4,1,1,2,1,4,2,5,4,4,2,3,4,5<br>
A00824728,5,3,5,1,3,2,5,1,5,1,0,5,3,1,3,5,3,5,2,1,3,4,1,2,4,4,5,1,4,5,5,1,3,0,0,0,4,4,2,1,5,4,4,0,4,5,5,4,5,4,0,3,5,5,0,3,3,5,5,1,3,4,1,0,4,5,4,0,5,5,2,2<br>
A00824731,5,3,2,1,4,5,4,1,5,5,1,4,4,4,2,3,4,5,2,2,4,4,5,1,5,5,2,1,5,5,2,1,5,1,1,1,3,2,1,1,2,4,1,2,5,4,3,2,5,1,1,1,5,4,1,4,5,5,5,2,3,4,2,4,4,4,4,1,3,4,4,4<br>
A00824734,5,4,5,2,3,3,4,1,5,3,1,2,2,5,1,2,4,3,2,3,5,0,1,1,4,4,4,2,1,3,4,2,5,1,1,1,4,5,2,1,5,4,2,2,4,3,3,2,2,4,4,2,2,3,3,1,5,5,2,2,4,4,2,4,3,4,4,1,2,2,4,3<br>
A00824752,5,2,4,2,1,3,4,1,5,5,1,3,2,3,2,2,4,5,2,2,4,0,2,3,5,3,3,1,3,2,4,3,4,1,1,1,4,3,3,2,4,2,2,1,4,4,4,3,5,5,1,1,5,5,1,2,4,4,3,3,2,4,2,1,3,5,2,2,2,2,4,4<br>
A00824767,5,3,1,1,5,5,5,1,4,3,1,5,2,3,3,5,5,5,3,3,3,3,5,3,4,3,4,5,5,5,2,1,5,1,1,1,3,3,1,1,5,3,3,1,3,1,3,4,3,5,1,4,5,3,1,1,5,3,4,5,1,3,3,5,5,5,5,1,5,5,3,5<br>
A00824768,5,4,4,3,3,4,4,1,5,5,1,4,2,4,2,4,3,4,3,3,3,2,4,2,4,4,3,2,3,2,5,3,5,2,1,1,3,3,4,2,5,2,2,1,4,4,4,4,5,5,1,1,5,5,1,1,3,5,3,2,0,4,1,3,3,5,4,2,4,3,4,4<br>
A00824792,4,3,3,1,4,4,4,2,5,5,1,2,3,4,3,4,4,4,3,3,5,4,2,1,5,4,2,1,4,4,3,1,5,1,1,1,4,3,2,1,4,3,3,1,5,4,3,1,2,4,1,1,5,3,1,2,4,0,3,3,3,4,2,2,4,4,3,2,3,2,4,4<br>
A00824794,5,2,5,2,5,5,1,1,5,5,1,5,1,4,3,2,5,5,1,1,5,1,1,1,5,5,4,1,5,5,5,1,5,1,5,1,2,5,1,1,5,5,5,1,5,1,1,1,3,5,1,5,5,5,1,1,5,5,1,1,3,3,1,1,5,5,3,1,1,2,4,5<br>
A00824795,5,3,4,3,4,3,4,1,5,2,3,4,2,4,3,3,4,5,3,4,4,5,4,3,4,3,4,3,5,5,4,4,5,5,2,0,5,4,2,0,5,2,4,0,5,5,3,4,2,0,0,1,3,4,0,1,4,4,4,3,2,4,1,1,4,5,5,1,4,2,4,4<br>
A00824796,4,3,3,1,4,3,0,1,5,3,0,4,5,5,3,5,5,4,4,3,5,5,5,1,5,5,3,1,3,2,4,2,4,1,1,1,1,5,1,2,5,4,2,4,5,3,3,1,5,4,2,2,5,3,0,2,5,5,2,2,3,5,2,4,3,5,5,3,5,1,5,5<br>
A00824797,4,2,3,3,4,4,4,1,5,3,1,3,2,4,1,2,5,3,1,3,4,2,4,1,5,5,5,1,5,4,5,2,4,2,2,1,5,5,3,2,3,3,2,1,5,3,3,2,3,5,1,3,5,5,1,3,4,5,2,2,2,4,2,4,4,4,5,2,2,2,2,5<br>
A00824798,5,4,3,1,5,4,5,2,5,5,1,4,5,5,3,4,3,5,3,3,5,2,4,1,5,5,2,1,4,2,5,1,5,1,2,0,5,3,3,1,5,1,3,1,5,3,3,2,4,4,0,5,5,4,1,1,5,5,4,1,2,4,1,5,4,4,4,0,4,2,4,4<br>
A00824800,5,3,4,1,4,5,4,1,5,5,1,4,5,5,1,4,4,4,1,2,5,2,4,1,5,5,3,1,3,1,5,1,5,1,1,1,5,5,3,1,5,3,3,2,5,3,3,1,3,5,1,1,5,5,1,1,5,5,3,3,2,5,1,1,3,4,3,1,4,2,5,4<br>
A00824801,5,2,4,3,3,3,5,1,4,3,2,4,5,5,3,4,4,5,2,2,5,3,4,1,4,4,2,1,1,4,4,1,4,1,1,1,4,3,3,1,5,4,4,1,4,3,2,2,3,4,1,0,5,4,1,1,3,5,4,2,3,4,1,1,4,4,4,1,3,2,4,4<br>
A00824803,5,5,4,3,4,5,3,1,5,5,1,4,5,5,2,3,4,3,2,4,5,1,2,1,5,5,2,1,5,5,4,2,5,5,5,1,3,4,2,3,4,5,2,1,5,3,3,1,4,4,3,5,5,4,1,3,5,4,5,4,4,3,2,4,4,3,3,2,3,3,4,4<br>
A00824805,5,3,5,3,4,3,5,1,5,4,2,3,5,4,4,4,4,4,2,4,4,4,3,2,4,4,2,2,4,4,5,3,4,1,0,1,4,2,2,2,4,4,4,3,4,3,4,3,4,4,1,1,5,5,1,1,3,5,4,4,4,4,1,2,4,4,5,3,3,2,4,4<br>
A00824807,5,4,2,1,3,4,5,1,5,4,1,4,2,3,3,2,4,5,1,3,3,4,2,1,5,4,2,2,5,2,4,0,5,1,2,1,4,4,1,0,5,4,4,1,5,4,4,1,5,5,1,1,5,5,1,3,5,4,3,1,3,4,1,1,3,4,2,1,3,2,4,4<br>
A00824808,4,5,4,3,5,4,5,1,5,5,1,5,5,5,3,2,4,5,3,2,5,3,4,1,5,5,3,3,5,2,3,2,5,1,2,1,4,3,1,1,5,4,2,2,5,5,5,1,3,5,0,0,5,5,1,3,5,4,4,4,3,4,2,4,3,4,3,2,2,2,5,5<br>
A00824809,5,4,5,1,5,5,5,1,5,5,1,4,5,4,5,5,5,5,3,3,4,0,4,1,5,4,3,1,3,5,4,1,4,0,0,0,5,4,2,1,5,3,3,0,5,4,3,2,5,5,0,0,5,4,0,1,5,5,4,0,3,5,0,3,5,5,4,0,5,3,4,5<br>
A00824811,1,4,3,1,4,5,4,1,5,5,1,1,3,3,2,5,4,4,1,3,5,5,5,1,5,5,3,1,5,0,4,0,5,1,5,1,3,3,2,1,5,3,1,2,5,5,3,1,5,5,1,3,5,5,1,1,4,5,3,1,3,5,1,1,3,5,4,1,3,2,5,5<br>
A00824812,4,3,4,1,3,3,1,1,5,2,1,1,2,5,1,2,5,5,2,5,5,3,5,3,5,5,4,1,1,2,5,3,5,0,4,0,4,3,4,3,5,3,4,4,4,1,5,2,4,5,1,4,5,4,1,5,5,4,4,3,1,5,3,4,1,4,5,4,4,2,5,4<br>
A00824814,5,4,3,1,5,4,4,1,5,5,1,2,3,4,1,2,4,5,2,2,4,4,3,1,4,4,2,1,5,4,5,1,5,1,1,1,4,3,1,1,4,3,5,0,4,5,5,1,5,5,0,0,5,5,0,0,5,4,2,2,4,4,0,0,4,5,3,1,0,0,3,4<br>
A00824820,1,1,3,1,5,5,5,1,5,5,1,1,4,5,2,5,5,5,2,2,3,5,4,1,5,5,3,3,5,1,3,2,5,1,1,1,5,4,1,1,5,5,1,1,5,5,3,1,5,5,1,1,5,5,1,2,5,5,3,2,3,5,1,4,5,4,3,1,4,3,3,4<br>
A00824844,5,3,3,2,3,3,5,4,5,5,1,4,4,5,3,4,4,4,2,3,5,0,1,1,4,4,2,1,4,0,4,2,4,0,0,1,4,3,2,1,5,3,3,1,4,4,3,4,4,5,1,1,5,3,1,1,5,5,3,2,4,5,2,3,4,4,2,1,3,3,3,4<br>
A00824845,5,4,3,2,4,3,5,2,4,4,2,5,4,4,4,4,4,4,2,2,4,0,5,3,3,4,4,3,2,2,4,1,4,0,0,1,5,5,1,0,5,5,2,1,4,3,4,4,5,5,1,1,5,2,4,1,5,5,2,3,4,4,2,4,4,4,5,2,4,3,3,4<br>
A00824846,5,4,3,1,3,2,5,1,5,5,1,2,3,4,1,2,5,5,2,4,3,0,1,2,5,4,3,1,2,3,3,1,2,1,1,1,4,2,1,1,4,5,4,1,4,3,3,3,5,5,1,1,3,4,1,4,5,5,3,2,2,3,1,1,3,4,3,1,4,3,4,4<br>
A00824885,5,2,4,2,2,2,4,2,5,3,1,5,1,4,2,5,4,4,3,4,4,0,2,2,3,4,4,4,2,4,5,1,5,1,1,1,3,1,4,1,5,2,5,1,4,3,4,4,5,4,1,4,4,4,2,1,4,4,5,4,1,4,2,2,3,5,4,1,5,4,2,2<br>
A00824894,5,3,5,1,3,4,4,2,4,3,3,2,3,4,3,4,5,4,1,1,4,0,4,2,4,4,2,4,1,5,4,3,2,1,1,1,4,2,3,3,4,1,3,1,4,3,5,2,4,4,1,4,4,4,1,1,5,5,4,1,1,4,1,1,4,4,4,1,4,4,4,3<br>
A00824901,5,1,1,1,3,2,2,1,5,5,1,5,4,2,5,5,5,5,1,5,3,0,5,1,5,3,3,2,5,3,3,5,5,0,1,0,1,2,2,1,5,5,5,5,5,5,4,4,3,4,1,1,4,5,2,1,1,4,5,4,1,3,1,1,4,1,3,1,5,4,2,3<br>
A00824961,4,2,4,1,5,5,5,1,5,5,1,5,5,5,5,4,4,5,4,3,5,0,0,1,5,5,1,4,5,0,5,1,5,1,1,1,3,5,1,1,5,5,1,1,5,2,1,1,4,5,1,1,5,4,1,1,4,4,4,4,2,4,4,4,2,2,4,1,5,2,4,2<br>
A00824970,4,3,4,2,4,4,3,1,5,5,2,4,3,4,2,3,4,4,2,3,4,0,4,2,4,4,3,1,5,5,4,2,4,2,2,1,3,3,3,1,5,4,3,2,5,3,4,2,3,4,1,2,4,3,2,2,4,4,4,2,3,4,2,2,4,4,3,2,3,3,4,4<br>
A00824971,5,2,3,2,5,5,4,2,5,4,1,1,4,5,1,3,5,5,2,1,5,4,5,1,5,2,2,1,3,1,3,0,4,1,1,1,4,2,1,1,5,1,3,1,4,5,3,2,5,5,1,1,5,5,2,2,5,5,4,2,1,5,1,1,3,4,4,1,3,2,4,4<br>
A00824978,1,4,4,2,2,2,5,1,2,2,3,0,4,3,5,5,4,5,4,5,3,1,3,1,4,2,4,4,2,5,3,1,5,1,1,1,5,4,1,1,5,3,4,1,5,5,3,4,5,4,1,1,5,5,1,1,5,5,4,2,2,3,1,4,4,5,1,1,5,3,3,3<br>
A00824998,4,3,5,3,2,2,4,1,4,3,1,5,2,3,3,5,3,2,3,4,4,0,1,1,3,3,4,5,3,3,5,4,5,1,1,1,3,3,2,1,5,2,5,3,3,3,2,4,5,4,1,5,5,3,1,3,4,5,2,4,1,4,1,2,3,4,4,3,4,4,3,4<br>
A00825014,5,3,5,3,2,2,5,1,5,5,1,5,4,5,1,5,4,5,3,4,5,4,4,1,4,4,4,1,1,4,5,2,5,1,1,1,4,3,2,1,5,1,4,1,4,4,5,2,5,5,1,3,5,5,0,2,5,5,4,4,1,4,1,1,2,4,3,1,5,4,4,4<br>
A00825020,5,4,5,1,4,5,5,1,5,4,1,3,5,3,2,3,3,4,1,2,4,5,4,2,5,5,3,1,5,5,5,1,5,1,1,1,5,1,3,1,4,4,1,1,5,5,3,1,0,1,1,1,5,5,1,1,5,4,4,2,3,4,1,4,5,5,4,1,2,1,3,4<br>
A00825024,3,4,4,2,4,3,1,1,5,4,1,1,4,4,1,3,5,5,3,3,4,0,3,1,5,5,4,1,5,3,4,2,5,1,0,1,3,4,1,1,5,3,1,2,5,3,3,1,5,5,1,1,5,5,1,2,5,4,3,1,2,5,1,4,3,4,2,4,1,2,1,4<br>
A00825028,5,2,4,2,5,3,5,1,4,5,2,1,3,5,3,4,5,5,2,3,5,5,2,2,5,4,3,1,3,5,3,1,5,1,1,1,4,2,2,2,5,5,4,1,3,2,5,3,5,5,1,2,5,3,1,2,4,5,4,3,2,5,1,1,2,4,5,2,2,3,4,4<br>
A00825074,5,4,3,2,4,4,4,1,5,5,1,2,4,4,2,2,4,5,2,1,5,4,2,1,5,4,2,1,4,3,4,2,4,1,1,1,5,4,1,1,5,4,4,1,4,4,3,3,5,5,1,1,5,5,1,2,4,5,4,2,2,3,1,3,4,5,3,1,3,2,4,4<br>
A00825100,4,3,2,1,4,3,5,1,4,2,5,5,4,5,2,3,4,3,1,2,5,4,4,1,5,5,4,1,4,2,4,1,5,4,4,2,4,2,1,1,4,3,2,4,4,2,4,2,4,4,4,1,5,5,1,1,2,4,3,1,3,4,1,1,2,4,4,1,1,4,4,4<br>
A00825130,5,4,4,3,4,4,4,1,5,4,1,4,2,3,3,4,5,5,3,2,2,0,2,3,4,4,4,2,3,2,4,2,5,1,1,1,4,4,1,1,5,2,4,1,5,1,4,4,5,5,1,1,3,4,1,1,4,5,3,4,4,4,1,1,4,4,4,1,3,2,4,3<br>
A00825135,4,4,2,1,5,3,4,1,1,4,1,1,4,4,1,3,4,4,1,2,4,0,4,1,5,4,3,1,5,4,4,3,2,1,3,1,5,4,4,0,5,3,2,1,5,0,3,1,0,4,1,1,5,5,1,4,5,5,3,1,1,4,1,4,3,4,4,2,1,3,4,4<br>
A00825139,5,3,4,1,5,3,5,1,5,5,1,3,5,5,1,4,5,3,2,5,5,5,5,1,5,5,2,1,5,4,5,3,5,1,1,1,3,2,2,1,5,3,3,1,5,5,3,1,3,5,1,1,5,5,1,1,5,5,3,4,1,5,1,1,2,5,0,4,2,3,5,5<br>
A00825146,5,3,4,1,5,5,5,1,5,4,1,2,4,5,2,2,4,5,2,2,5,5,5,1,5,4,2,1,5,3,4,1,4,1,1,1,4,4,1,1,5,4,5,1,5,4,5,3,3,5,1,1,5,2,1,1,3,4,4,1,2,4,1,3,4,5,4,1,3,2,4,4<br>
A00825154,4,3,4,2,3,2,4,1,5,5,1,4,4,4,2,2,4,4,2,2,5,2,4,2,5,4,2,4,3,4,4,2,4,1,1,1,4,2,2,2,5,0,4,2,4,2,4,3,4,4,1,3,5,4,2,1,3,4,4,4,2,4,1,2,3,4,4,1,3,4,2,2<br>
A00825176,4,3,5,1,4,2,5,1,4,4,2,4,4,4,2,4,3,4,2,5,4,5,2,3,4,4,2,4,3,4,4,1,5,1,1,1,4,3,4,1,5,2,4,1,4,2,4,3,5,4,1,4,4,5,1,2,4,3,4,2,2,4,1,4,2,2,4,1,4,3,4,4<br>
A00825183,4,2,4,1,3,2,4,1,4,4,1,4,2,2,3,4,4,4,2,2,4,0,4,1,4,3,4,0,3,4,4,0,4,0,0,0,5,4,3,2,4,2,4,0,5,4,4,4,5,5,0,0,5,4,0,1,5,5,4,1,3,4,1,1,4,0,2,0,3,4,3,4<br>
A00825198,4,2,3,5,3,4,3,2,5,4,1,3,3,4,2,3,5,3,3,4,5,2,1,1,5,4,2,1,4,3,4,1,5,2,2,1,5,4,2,1,4,4,4,2,4,5,3,2,3,5,3,1,5,5,1,2,5,5,5,2,2,4,1,4,3,4,3,2,1,2,4,5<br>
A00825211,4,3,5,2,3,4,5,4,3,5,3,5,1,3,3,4,5,4,1,3,3,1,4,1,4,3,3,3,3,4,5,1,4,1,1,1,3,3,3,2,4,5,5,1,5,4,3,4,3,3,2,4,4,4,1,1,3,5,5,1,1,3,1,1,4,4,4,1,1,4,3,3<br>
A00825227,5,4,2,1,5,5,4,1,5,5,3,1,4,3,2,2,3,3,2,3,3,4,4,3,5,5,3,1,5,2,4,2,4,1,3,1,4,3,1,1,5,4,1,4,4,3,4,1,3,3,2,4,4,3,1,1,5,3,4,4,2,4,2,2,2,2,4,3,3,2,5,4<br>
A00825236,5,2,5,2,4,4,3,1,5,4,1,3,4,4,2,5,4,4,3,3,5,2,1,1,5,4,3,1,5,4,4,1,5,1,1,1,4,4,3,1,4,3,3,1,5,2,3,2,5,5,1,1,5,3,1,1,5,4,3,3,3,5,1,1,3,3,4,1,3,1,5,5<br>
A00825249,5,3,2,1,5,3,5,1,5,2,1,4,3,4,2,3,4,4,2,3,5,2,3,1,5,4,4,1,5,5,3,1,4,1,3,1,5,3,1,1,5,4,4,1,5,3,4,1,4,4,1,3,5,3,1,3,5,5,2,1,3,4,1,1,4,3,4,2,2,1,4,4<br>
A00825250,5,4,5,1,5,5,5,2,5,4,1,2,2,4,2,2,4,5,1,2,5,0,1,1,5,3,3,1,4,4,4,1,5,1,1,1,5,2,1,1,5,2,4,1,5,5,3,1,5,5,1,1,5,5,1,1,5,5,4,1,4,5,1,1,4,5,2,1,3,2,4,5<br>
A00825264,5,4,4,3,5,4,2,1,5,4,1,4,4,4,2,3,5,4,3,3,5,4,3,1,5,5,3,1,5,2,5,1,5,2,4,1,5,3,2,1,5,3,2,1,5,4,3,1,3,5,1,3,5,5,1,2,5,5,4,2,4,5,1,1,3,3,4,3,4,2,5,5<br>
A00825265,1,3,5,4,4,4,5,2,5,5,1,5,2,3,3,3,3,5,4,2,4,2,5,1,4,3,2,5,4,1,3,1,5,1,3,1,4,5,2,1,4,3,1,1,5,4,1,1,3,5,1,4,4,4,1,1,5,5,5,1,1,3,1,4,5,4,3,1,3,2,4,4<br>
A00825267,1,1,4,1,5,5,3,1,3,4,1,4,5,5,3,4,4,4,3,4,5,4,5,1,5,5,4,3,4,2,4,1,5,1,1,0,5,1,1,1,5,5,1,1,5,5,3,1,5,5,1,1,5,0,1,1,4,5,4,1,4,5,1,4,5,5,3,1,4,4,4,5<br>
A00825268,5,2,4,1,2,4,4,1,5,5,1,1,4,5,1,3,3,5,3,3,5,4,4,1,5,5,3,1,2,4,5,1,5,1,1,1,5,5,3,1,5,3,3,1,5,3,3,1,5,5,1,1,5,3,1,1,5,4,3,1,3,5,1,1,3,4,2,1,5,1,3,3<br>
A00825269,5,5,5,3,4,5,3,1,5,5,1,4,4,5,1,3,4,5,3,3,4,5,4,1,4,5,3,1,5,4,5,1,5,1,1,1,4,5,3,1,5,3,2,4,5,5,1,1,4,4,1,1,5,5,1,1,5,5,4,1,2,3,1,4,4,3,2,1,4,4,4,4<br>
A00825273,5,1,4,1,4,3,5,1,4,4,2,5,2,3,2,4,5,5,3,2,4,1,4,3,5,5,3,4,5,5,2,1,3,1,1,1,3,2,3,1,5,5,2,4,5,3,2,2,3,5,1,1,5,5,1,1,5,5,4,5,2,5,3,1,4,5,4,2,4,2,5,3<br>
A00825279,1,2,4,1,3,3,5,1,5,4,2,5,4,5,2,4,3,5,2,2,5,5,2,1,5,4,3,1,4,1,5,2,5,1,1,1,3,5,2,2,5,4,4,2,4,4,3,2,3,5,2,2,1,5,1,1,5,5,4,2,4,4,2,1,3,5,2,4,3,3,2,3<br>
A00825281,5,3,4,1,5,5,3,1,5,5,1,3,2,5,3,4,5,5,2,3,5,0,5,1,5,5,3,1,5,1,3,1,5,1,1,1,5,2,1,1,5,3,1,1,4,3,5,1,5,5,1,1,5,5,1,1,5,5,3,1,4,5,1,1,5,5,3,1,4,1,4,5<br>
A00825296,5,2,3,1,4,5,3,1,5,3,1,1,4,5,2,2,4,5,1,3,5,0,2,1,5,5,2,1,4,5,4,1,4,2,1,1,5,5,1,1,5,4,3,1,5,4,3,2,5,5,1,1,5,4,1,2,5,5,1,4,5,5,1,1,4,4,3,1,1,1,5,5<br>
A00825298,5,3,4,1,4,4,4,1,5,4,1,2,4,4,1,2,5,5,2,4,4,0,0,1,5,4,2,1,5,0,4,1,5,0,1,1,4,3,2,1,5,4,4,1,5,3,3,5,5,5,1,4,5,5,1,1,5,4,1,2,3,5,1,1,4,5,5,1,1,1,5,5<br>
A00825300,5,4,4,5,3,2,5,1,5,4,1,5,4,4,4,2,3,4,3,2,5,4,2,0,4,5,1,3,5,2,4,2,4,1,1,1,3,4,2,1,5,4,4,1,5,5,5,1,2,5,2,4,5,5,1,2,4,4,4,4,2,4,2,1,3,4,5,2,1,3,4,4<br>
A00825311,5,1,3,2,4,5,3,1,5,5,1,3,3,4,1,4,5,3,2,2,4,0,0,3,5,3,4,1,4,5,4,2,4,0,0,0,4,2,2,3,4,4,1,1,3,3,5,3,5,0,0,0,0,0,0,1,5,5,4,1,4,4,2,1,3,5,5,1,3,2,4,5<br>
A00825313,4,2,2,2,4,4,2,1,5,5,1,2,3,4,1,4,4,4,2,4,4,4,1,1,4,4,2,1,5,1,5,1,4,1,2,1,4,2,2,2,5,4,2,2,4,4,4,2,4,4,1,3,4,4,1,1,4,3,3,3,4,4,2,2,4,3,4,2,4,2,5,4<br>
A00825342,4,4,4,3,4,3,2,1,4,4,2,4,2,4,1,3,4,3,2,2,4,5,4,1,4,3,4,2,5,2,4,2,5,1,3,1,4,3,2,1,4,2,3,1,4,3,5,4,4,3,1,1,5,3,1,5,4,4,2,2,2,4,1,1,2,4,4,2,3,3,4,4<br>
A00825386,5,4,3,2,3,5,5,2,5,5,1,4,4,4,3,3,4,4,2,5,5,5,5,2,4,4,4,4,3,5,4,1,5,1,1,2,4,2,3,1,5,3,4,1,5,4,4,2,4,4,1,3,5,3,5,1,5,5,3,2,3,2,4,5,2,4,4,2,2,2,4,4<br>
A00825433,5,3,3,1,5,5,4,1,5,5,1,4,5,5,1,2,5,5,2,2,5,5,2,2,5,5,3,1,5,5,4,1,5,1,1,0,5,4,1,1,5,5,2,1,5,4,3,1,5,5,1,1,5,5,1,1,5,5,4,1,2,5,1,4,5,5,4,1,4,1,4,5<br>
A00825435,5,4,3,1,5,5,2,5,5,5,1,4,4,5,1,4,4,5,2,3,5,0,4,1,4,4,3,1,5,2,4,0,4,0,0,0,4,4,3,1,5,4,4,1,5,4,3,2,5,5,0,0,4,3,0,1,5,5,3,1,4,5,1,5,4,4,3,1,4,3,4,4<br>
A00825473,5,3,4,2,3,4,1,1,5,4,1,3,3,4,3,2,4,3,1,2,5,3,4,2,4,4,3,2,4,3,5,2,5,1,1,1,3,5,2,1,3,3,4,3,4,2,3,3,5,5,1,1,5,5,1,2,5,5,3,4,1,5,1,2,3,4,3,1,1,1,4,3<br>
A00825499,5,3,4,1,5,5,5,1,4,5,1,1,3,5,1,4,3,5,1,3,5,5,3,1,4,5,3,1,3,3,5,1,5,1,1,1,5,5,3,1,5,1,3,1,5,3,2,3,5,5,1,1,5,5,1,1,5,5,3,1,1,4,1,1,4,5,4,1,5,3,4,4<br>
A00825509,5,2,5,1,4,4,5,5,5,5,1,3,4,3,5,5,4,5,3,4,5,2,4,2,5,4,3,0,5,2,5,1,5,0,4,0,4,5,2,2,5,2,4,0,4,4,5,4,5,5,0,0,5,5,0,1,5,5,3,1,0,5,2,0,4,5,3,0,4,2,4,4<br>
A00825518,5,2,5,1,3,4,4,1,5,5,2,3,5,5,2,4,5,4,1,1,5,5,2,1,4,4,3,2,4,1,5,1,4,2,1,1,4,1,4,1,4,1,5,5,3,3,5,2,5,5,1,1,5,5,1,1,5,5,3,2,1,5,1,1,2,5,4,1,4,4,3,4<br>
A00825529,4,2,4,2,4,5,5,1,5,5,1,5,3,4,2,4,5,4,3,4,5,3,4,1,4,5,4,1,5,2,3,1,5,1,4,1,4,3,2,1,5,2,2,1,4,3,3,2,4,4,1,1,5,3,1,1,5,3,4,4,1,3,0,1,3,3,4,2,2,2,4,4<br>
A00825545,4,3,4,3,2,3,5,2,3,4,1,4,3,4,3,4,4,5,4,4,4,5,3,2,5,4,4,1,4,2,4,3,5,1,2,1,4,4,4,2,5,4,4,1,5,4,5,2,2,5,3,2,5,5,1,1,4,5,3,3,3,4,1,1,3,5,4,1,4,3,4,4<br>
A00825564,5,3,4,2,5,4,3,4,5,1,1,5,2,4,1,3,3,5,1,3,5,2,4,1,5,4,2,2,4,2,4,1,5,1,1,1,5,2,2,1,5,2,4,1,5,5,3,1,5,5,1,1,5,5,1,1,2,4,4,1,1,4,2,1,4,5,4,1,3,4,2,1<br>
A00825571,1,3,4,3,3,4,1,4,5,5,1,3,2,4,3,5,3,4,3,4,5,4,5,2,3,4,5,2,5,5,3,1,5,1,1,1,4,4,2,3,5,3,4,5,5,3,4,4,4,5,1,1,4,3,1,1,4,5,4,1,2,4,1,1,4,4,4,1,5,4,2,4<br>
A00825612,4,2,4,2,3,3,4,1,5,4,1,3,2,4,3,4,4,4,3,3,5,4,4,3,4,3,4,2,2,3,4,2,4,1,2,1,3,3,3,2,4,2,4,1,3,3,3,2,4,3,1,4,4,3,1,3,4,4,4,3,3,4,2,3,3,3,3,2,3,2,4,4<br>
A00825615,5,4,5,3,1,1,1,1,5,5,1,1,4,5,1,2,4,5,2,3,4,4,1,1,5,4,3,1,5,1,5,1,1,0,0,0,5,4,3,1,4,4,1,1,2,2,2,2,3,3,0,1,5,4,0,1,5,4,4,2,1,2,1,1,2,5,2,1,2,3,3,4<br>
A00825643,4,3,4,2,3,2,4,1,5,5,1,4,3,4,2,3,4,4,2,3,5,4,3,1,5,5,3,1,4,5,4,2,4,2,1,1,4,4,3,1,4,4,2,1,5,5,2,3,3,4,1,4,5,5,1,2,4,5,3,1,3,4,2,1,2,5,4,3,2,2,4,4<br>
A00825652,4,2,2,2,2,2,5,1,5,5,1,5,4,5,1,2,5,4,2,4,5,5,1,1,5,5,1,1,5,1,4,2,5,1,1,1,5,4,2,1,4,4,1,2,5,2,3,1,5,5,1,4,5,5,1,1,5,5,3,1,1,5,1,1,5,5,4,4,1,1,5,5<br>
A00825654,5,4,5,1,5,5,5,2,5,5,1,1,3,4,5,5,5,5,3,2,5,3,4,1,5,4,3,1,5,2,4,1,5,1,1,1,5,3,1,1,5,3,2,1,4,5,2,1,5,5,1,1,5,5,1,1,5,5,5,1,4,2,1,1,4,5,5,1,5,3,4,5<br>
A00825695,5,3,4,2,4,5,5,1,5,5,1,2,5,5,2,3,5,5,1,1,5,5,3,1,5,5,1,1,5,2,5,1,5,1,1,1,5,5,1,1,5,2,2,1,5,5,1,1,5,5,1,1,5,5,1,1,5,5,5,3,3,5,1,1,5,3,3,1,5,1,4,5<br>
A00825697,5,2,3,1,4,4,5,1,5,5,1,5,4,4,4,4,5,5,2,3,2,0,5,1,5,3,4,1,5,5,3,1,5,1,1,1,5,2,2,1,5,1,2,1,4,5,5,3,4,4,2,1,5,0,1,2,5,2,3,5,4,4,1,5,4,5,5,1,3,4,3,4<br>
A00825706,5,2,3,3,4,3,0,0,5,3,1,2,3,3,2,2,4,5,2,2,3,3,3,2,5,4,3,1,4,2,4,2,5,4,1,1,4,4,1,2,4,4,2,1,5,5,3,2,5,4,1,3,5,4,1,1,5,5,4,2,4,4,2,2,4,5,3,1,3,2,4,4<br>
A00825732,5,2,3,1,3,4,5,1,5,4,4,2,4,5,4,5,3,5,1,5,5,5,4,1,5,3,4,4,5,3,4,1,3,0,0,0,5,3,1,0,5,2,0,0,3,4,4,4,5,5,0,0,0,0,0,0,5,5,3,4,5,5,1,0,3,5,0,0,4,2,5,4<br>
A00825742,1,4,0,0,0,0,0,0,0,0,0,0,0,0,0,0,0,0,0,0,0,0,0,0,0,0,0,0,0,0,0,0,0,0,0,0,0,0,0,0,0,0,0,0,0,0,0,0,0,0,0,0,0,0,0,0,0,0,0,0,0,0,0,0,0,0,0,0,0,0,0,0<br>
A00825747,5,3,5,1,2,2,1,1,5,5,1,4,4,5,2,4,4,2,2,5,5,2,5,1,2,4,5,1,2,1,5,4,5,1,2,1,2,3,3,2,5,4,1,1,4,2,4,2,5,5,4,1,5,5,1,3,5,5,4,1,2,4,2,4,2,4,4,1,4,1,5,5<br>
A00825749,1,2,5,2,3,3,2,2,5,4,1,4,1,4,1,4,4,4,2,3,3,3,4,3,5,3,5,1,3,3,5,1,5,1,1,1,4,2,3,1,5,2,3,3,2,5,5,4,5,5,1,1,1,3,0,1,4,5,3,2,2,3,1,1,4,4,3,2,3,4,4,5<br>
A00825766,5,3,4,1,4,5,4,1,5,5,1,3,4,5,1,2,5,4,1,2,5,0,3,1,5,4,3,1,4,4,3,1,5,1,1,1,4,3,2,1,5,4,2,1,5,3,3,1,4,5,1,2,5,4,1,1,5,5,4,1,4,4,1,3,4,5,3,2,3,2,4,3<br>
A00825772,5,3,5,2,4,4,5,4,5,5,4,4,4,5,2,3,5,4,1,2,5,1,4,1,5,4,2,1,3,4,5,1,5,1,1,1,5,4,5,1,5,3,3,1,5,5,3,1,3,5,1,4,3,4,1,1,5,5,4,3,2,5,1,1,5,3,4,1,1,2,4,4<br>
A00825773,5,3,4,1,3,0,2,1,5,5,1,4,2,4,3,3,4,5,3,4,5,0,4,1,5,3,4,1,5,5,3,1,4,1,0,0,4,3,2,1,5,2,2,0,5,4,3,2,4,4,2,2,5,4,0,3,4,4,4,4,2,4,0,0,4,5,4,2,4,2,3,4<br>
A00825780,5,2,4,1,5,3,5,1,4,5,1,3,3,2,4,4,4,5,1,2,1,3,5,1,5,2,5,2,3,2,4,1,4,1,1,1,5,5,1,1,5,3,4,3,5,4,4,4,5,5,1,1,5,5,1,1,5,4,4,4,3,2,2,0,4,4,3,1,5,4,2,4<br>
A00825795,5,3,4,2,5,5,5,4,5,5,4,5,3,2,4,4,4,4,2,4,2,4,4,2,4,4,4,4,5,5,5,0,5,0,4,1,4,2,2,0,5,5,1,1,5,4,3,1,2,4,0,0,4,2,0,1,4,4,2,4,2,3,0,4,0,5,4,1,4,2,4,4<br>
A00825796,1,5,3,1,5,5,5,1,5,5,1,4,5,5,1,2,5,5,1,2,5,5,3,1,5,5,2,2,5,4,4,1,5,1,4,1,4,2,2,1,5,4,4,1,5,4,3,1,5,5,1,2,5,5,1,1,5,5,3,2,4,5,1,4,5,5,4,1,2,3,4,3<br>
A00825798,4,4,4,1,3,2,3,1,5,5,1,4,1,5,3,4,5,4,4,4,5,5,4,1,5,5,2,0,3,5,5,1,5,0,5,0,5,5,3,3,5,5,1,2,5,1,1,1,2,5,4,2,5,5,0,1,5,5,4,3,2,5,1,4,5,5,5,1,2,1,1,4<br>
A00825801,5,3,4,1,3,5,4,1,5,5,1,2,4,4,1,2,4,5,1,2,4,0,2,1,4,4,3,1,4,0,3,1,5,1,1,1,5,4,1,1,5,3,2,1,5,4,3,1,4,5,1,1,5,5,0,1,5,5,3,2,3,4,1,0,3,4,4,1,3,2,4,4<br>
A00825802,5,3,4,1,4,3,3,1,5,4,3,4,2,4,1,4,4,3,2,3,5,5,5,3,5,3,4,1,5,3,5,3,5,0,3,0,4,1,0,0,4,4,3,0,5,3,4,2,3,5,0,3,5,5,0,1,5,5,3,2,1,4,0,0,4,4,3,4,1,1,4,4<br>
A00825803,5,3,4,1,5,5,5,4,5,5,1,4,5,5,3,4,5,5,2,3,1,0,5,2,5,5,4,1,5,4,2,1,5,0,0,0,5,5,1,1,5,5,5,0,5,4,4,1,5,5,0,5,5,4,0,1,5,5,2,1,4,5,1,2,5,5,4,2,4,1,5,4<br>
A00825807,4,3,2,3,3,3,4,4,4,3,3,4,3,4,3,4,4,4,3,2,4,3,4,2,4,4,4,2,3,3,3,1,4,2,2,1,4,3,2,2,4,4,3,3,4,2,4,2,3,4,3,4,4,4,2,2,4,4,4,2,2,3,2,2,3,3,4,2,3,3,3,4<br>
A00825810,5,2,3,1,4,5,5,1,5,3,1,4,2,2,3,4,5,5,2,1,3,5,4,3,4,4,4,1,4,4,4,1,5,1,1,1,4,3,2,1,5,4,2,1,4,5,4,1,5,4,1,1,4,5,1,3,5,5,4,2,2,3,1,1,3,4,4,1,2,2,4,4<br>
A00825814,4,3,4,2,4,5,5,4,2,4,4,4,2,3,4,4,3,4,4,3,5,2,4,3,3,4,4,4,3,5,4,2,5,2,1,1,4,3,2,1,4,4,4,1,4,3,4,3,3,4,1,2,3,4,0,5,4,4,4,3,3,4,4,4,4,5,5,2,4,4,2,3<br>
A00825823,5,3,3,1,4,4,4,1,5,4,1,1,4,5,1,1,4,4,2,1,5,2,4,1,5,5,2,1,5,4,4,2,5,1,1,1,3,4,2,1,5,5,2,2,5,5,3,2,4,5,1,2,5,4,1,3,5,5,4,1,2,4,1,2,4,5,3,2,1,1,4,5<br>
A00825830,5,4,4,2,5,4,5,1,5,5,1,1,4,4,1,3,4,5,1,2,5,4,2,1,4,4,3,1,5,2,4,1,5,1,1,1,4,4,3,1,5,4,2,1,5,4,4,1,5,4,1,1,5,3,1,2,5,5,4,2,4,4,2,1,4,5,2,1,3,3,4,4<br>
A00825831,4,4,4,1,5,5,5,4,5,3,2,3,2,4,3,5,4,4,4,4,5,2,2,1,4,4,2,1,4,2,4,1,5,1,2,1,4,4,3,2,5,4,2,1,5,3,4,2,4,4,1,2,5,4,2,2,5,5,5,2,4,4,1,2,3,5,4,1,5,3,4,4<br>
A00825832,5,3,3,1,5,5,5,2,5,5,1,1,4,5,4,5,4,3,3,5,5,5,4,1,5,5,3,1,5,1,3,1,5,1,1,1,5,4,1,1,5,4,1,1,5,5,3,1,5,5,1,2,5,0,1,3,5,5,5,1,4,5,2,1,3,5,5,1,4,1,4,5<br>
A00825851,5,2,4,1,4,4,3,1,5,5,1,3,3,4,3,3,4,5,3,2,5,0,4,2,4,4,2,1,5,0,3,1,5,0,0,0,4,4,2,1,5,2,4,1,4,4,2,2,4,4,0,2,3,3,1,1,4,4,4,4,4,4,1,1,3,4,4,2,3,4,4,4<br>
A00825903,5,3,4,2,3,4,2,1,5,5,2,3,2,4,2,4,5,4,1,3,4,0,1,1,3,5,0,1,4,4,5,2,4,5,0,0,2,1,3,1,4,3,5,1,3,2,5,2,5,5,1,2,3,4,1,1,4,3,2,2,4,5,1,1,2,5,5,2,2,2,4,4<br>
A00825904,5,4,3,1,5,5,3,5,3,4,1,3,2,4,4,3,4,5,2,2,4,3,3,2,4,3,2,2,2,5,3,1,4,1,2,1,4,4,2,1,5,3,4,1,5,4,3,1,0,4,1,1,5,4,0,1,4,5,2,1,1,5,1,5,3,4,4,1,3,5,3,4<br>
A00825905,4,3,5,1,3,4,4,1,5,5,1,2,3,5,2,3,4,4,2,2,5,4,3,1,5,4,3,1,5,2,4,2,4,2,1,1,3,3,4,2,5,5,4,1,5,4,3,1,3,5,1,2,5,4,1,1,3,5,4,1,2,3,2,1,4,4,3,1,3,2,4,3<br>
A00825910,4,1,2,2,5,5,4,4,5,5,1,4,1,0,1,2,1,2,3,1,4,0,1,0,4,3,3,4,3,5,3,2,5,0,0,1,4,1,2,1,4,1,4,5,5,3,5,5,0,0,1,1,5,0,1,1,5,5,5,1,3,4,0,4,2,4,3,3,4,2,4,4<br>
A00825913,5,3,2,1,5,4,1,1,5,5,1,1,2,5,1,2,3,5,1,2,5,4,3,1,5,4,3,1,2,5,4,2,5,1,1,1,5,4,2,1,4,3,4,1,5,5,3,2,4,4,0,1,5,5,1,1,5,5,2,1,5,5,1,1,4,5,3,1,2,2,4,4<br>
A00825916,5,2,5,3,4,5,5,3,4,4,2,3,3,4,4,3,4,4,0,4,4,3,4,2,4,4,4,2,4,3,5,3,5,0,4,0,4,2,3,2,5,3,1,1,4,4,4,3,2,0,1,4,4,4,1,1,3,4,4,4,4,4,1,1,4,4,4,1,4,4,4,4<br>
A00825928,4,3,3,3,4,4,3,2,5,4,1,3,3,4,3,3,4,4,3,3,4,4,4,2,4,4,4,2,5,2,4,2,4,1,3,1,3,4,3,2,4,2,3,2,4,4,3,3,4,4,2,2,4,4,2,2,4,4,4,3,4,4,2,2,3,4,3,3,4,3,3,4<br>
A00825929,5,4,4,2,5,5,1,1,5,5,1,4,2,4,2,4,5,2,1,4,5,0,1,1,4,4,4,2,5,3,4,1,5,1,1,1,5,3,2,1,3,5,4,1,5,5,3,2,5,5,1,1,5,3,1,5,5,5,3,2,3,5,1,1,4,4,4,1,2,2,4,3<br>
A00825932,5,3,3,1,4,4,3,1,5,5,2,3,4,5,3,3,4,5,2,3,4,0,3,2,5,4,3,1,4,5,4,3,5,2,1,1,4,5,2,3,5,4,3,2,5,4,5,3,5,5,1,1,3,3,1,1,4,4,3,3,3,4,3,1,4,4,3,1,2,3,3,3<br>
A00826005,5,3,2,1,5,5,5,2,5,3,1,2,5,5,3,5,5,3,1,1,5,3,3,1,3,4,2,2,4,0,4,0,5,1,1,1,4,4,1,1,4,2,3,1,4,3,3,1,5,3,1,1,5,5,1,1,5,3,3,5,2,4,1,1,5,5,3,1,2,3,5,5<br>
A00826006,4,3,5,2,4,4,5,1,5,3,1,4,3,5,4,4,3,3,4,4,4,5,4,2,4,2,5,4,4,2,5,1,4,1,2,1,4,3,4,1,4,3,4,2,4,4,5,4,3,3,1,3,3,2,2,2,4,4,4,2,3,3,1,1,3,4,4,2,5,4,3,2<br>
A00826007,4,3,4,1,3,4,5,1,5,4,1,2,3,4,3,3,4,3,3,3,5,3,5,1,3,4,4,4,4,2,5,2,5,1,1,1,3,3,3,2,4,3,4,2,3,4,3,3,3,4,4,4,5,3,1,2,4,5,3,2,4,4,2,1,2,4,3,1,3,4,4,4<br>
A00826008,5,3,3,1,4,4,4,3,5,4,2,5,1,3,3,4,4,5,3,5,3,0,4,1,4,3,4,5,4,4,4,2,4,1,0,0,5,5,2,1,5,2,3,1,5,2,3,1,5,5,0,1,5,5,1,1,5,5,2,1,2,4,1,1,5,5,3,1,3,3,4,4<br>
A00826011,5,3,5,2,2,1,0,1,5,4,1,1,3,4,2,3,4,4,3,2,5,5,3,1,4,3,2,1,4,2,5,3,5,1,1,1,5,5,2,1,5,3,3,1,4,3,3,1,4,5,1,4,5,4,1,2,5,5,4,4,2,4,2,4,4,5,4,2,3,2,4,4<br>
A00826017,5,4,4,2,3,3,5,1,5,4,1,3,3,4,2,4,4,3,3,3,4,0,0,1,3,4,2,1,4,1,4,3,4,1,0,0,4,4,2,2,3,2,0,2,5,4,2,1,3,5,1,2,5,2,1,3,5,5,3,2,3,4,1,1,3,4,2,2,3,3,4,4<br>
A00826035,5,3,4,1,5,5,5,4,5,5,1,2,4,5,2,3,4,4,2,1,5,0,2,1,5,5,3,1,5,3,4,1,5,1,1,1,5,4,2,1,5,2,2,1,5,2,3,3,5,5,1,1,5,5,1,1,5,5,4,1,2,5,1,3,4,4,2,1,1,2,4,5<br>
A00826039,4,4,3,2,4,4,4,0,5,4,2,2,1,4,2,4,2,4,3,2,4,5,3,2,4,3,2,2,5,3,3,1,5,0,1,1,4,2,1,1,4,4,3,0,4,1,3,1,3,5,0,5,5,2,0,1,5,5,4,3,3,4,1,1,4,4,3,1,3,3,4,4<br>
A00826040,5,4,3,1,4,4,3,1,3,4,1,3,5,5,1,2,4,5,1,2,5,5,2,1,5,4,2,1,5,2,2,1,5,1,1,1,5,4,1,1,5,4,1,1,5,4,3,1,5,5,1,1,5,5,1,2,5,5,3,1,3,4,1,1,5,4,3,1,2,2,5,3<br>
A00826051,5,3,2,1,5,5,2,1,5,5,1,1,2,4,1,3,3,4,2,4,3,1,4,1,5,4,2,1,5,2,3,2,5,3,1,1,5,3,2,1,4,2,2,1,5,2,3,1,4,4,2,1,1,0,0,1,5,4,3,2,4,4,1,1,4,5,3,1,4,2,3,4<br>
A00826054,4,4,4,1,4,5,3,1,4,5,1,3,5,5,1,2,4,4,2,2,5,5,2,3,5,5,2,1,4,2,5,3,5,2,2,2,5,4,2,2,4,3,3,1,4,5,3,2,5,5,1,2,5,5,1,3,5,5,4,2,1,4,2,2,4,5,4,2,3,3,4,4<br>
A00826065,5,3,4,3,4,4,4,1,5,4,2,4,4,3,3,3,5,5,2,2,4,4,4,2,5,4,3,1,4,2,4,2,4,1,1,1,4,3,2,2,5,4,3,2,5,3,3,2,4,2,1,4,5,4,1,1,5,5,4,1,2,4,2,1,4,5,3,2,2,3,4,4<br>
A00826096,4,2,4,2,3,3,4,1,5,4,3,3,2,3,1,1,4,1,1,2,4,3,4,2,5,3,4,2,4,3,5,2,5,1,1,1,5,1,3,2,5,3,4,1,4,5,4,4,4,5,1,3,4,4,1,1,2,5,4,1,3,4,1,5,3,4,5,1,4,4,0,0<br>
A00826108,4,5,4,2,5,4,2,2,4,4,2,2,4,4,1,5,0,5,5,5,0,5,1,0,5,5,1,1,5,1,5,5,5,0,1,1,0,1,1,1,5,1,1,0,0,0,0,0,0,0,0,0,0,0,0,0,5,5,1,0,0,0,0,1,5,5,5,0,5,1,3,4<br>
A00826131,5,2,5,2,3,3,4,1,5,5,1,4,4,4,2,5,4,5,3,3,5,0,4,1,5,4,3,1,4,1,4,5,5,1,1,1,5,3,4,4,5,5,5,1,5,1,3,1,5,5,1,4,5,3,1,3,5,5,1,2,1,4,1,1,3,5,1,1,3,1,5,4<br>
A00826140,4,4,3,2,4,4,4,4,4,4,1,4,3,3,4,5,3,5,3,2,4,1,4,3,4,4,3,4,3,5,3,3,4,1,4,1,4,4,3,2,4,5,4,2,4,4,4,2,3,3,1,2,5,2,4,3,4,5,5,4,2,3,2,5,4,4,4,2,5,5,2,2<br>
A00826158,5,2,2,1,4,4,4,1,5,5,1,4,3,5,2,3,3,5,1,3,5,5,2,2,5,4,4,1,3,1,4,3,5,1,1,1,5,5,1,1,4,2,3,1,5,4,5,1,5,5,1,1,5,3,1,3,5,5,3,1,4,5,1,2,4,5,4,1,1,1,5,5<br>
A00826169,5,4,4,1,5,5,5,1,5,5,1,4,1,3,4,5,5,5,2,2,4,4,4,1,5,4,4,3,4,5,4,1,2,1,1,1,5,5,2,1,5,5,4,1,5,5,3,1,5,5,1,1,3,2,3,1,5,5,4,2,4,5,1,4,4,4,3,1,5,4,3,4<br>
A00826177,1,2,2,2,4,2,5,1,5,4,1,4,2,5,1,3,4,3,2,1,5,5,3,1,3,4,4,1,5,1,4,1,5,1,1,1,3,3,2,1,4,3,3,2,5,3,4,2,2,4,3,4,5,5,1,1,5,5,3,2,1,3,1,1,2,4,3,4,3,3,4,4<br>
A00826178,5,4,4,1,4,4,5,1,5,5,1,1,5,4,1,3,5,3,2,4,4,1,1,1,5,5,3,1,5,3,4,1,3,1,1,1,4,3,2,1,5,5,1,1,5,3,3,5,4,3,1,3,5,3,1,3,5,5,2,1,3,4,1,1,3,4,2,2,2,2,4,4<br>
A00826201,5,4,3,1,4,4,2,1,5,5,1,2,3,5,1,4,5,5,2,2,5,0,4,1,5,5,2,1,5,5,3,1,5,5,1,1,5,5,1,1,5,5,2,1,5,3,3,1,4,5,1,1,0,4,1,1,5,5,4,1,3,5,1,1,3,4,1,1,3,4,5,5<br>
A00826203,4,4,3,1,3,1,1,1,5,4,1,4,4,4,1,5,4,3,3,4,4,3,5,3,5,5,5,1,5,4,5,4,4,1,1,1,4,4,3,1,5,3,1,4,5,4,4,2,5,5,1,1,5,5,1,4,5,5,2,1,4,5,1,4,4,5,4,1,4,4,4,4<br>
A00826206,4,5,4,2,5,4,5,1,5,5,1,5,5,4,4,4,5,5,2,4,5,2,5,1,5,4,3,1,5,5,5,1,5,1,2,1,5,1,1,1,4,4,1,1,5,5,5,2,3,5,1,4,5,5,1,1,2,5,5,2,2,5,5,2,5,4,5,1,4,4,4,4<br>
A00826208,5,3,4,1,3,3,5,1,5,4,1,4,5,4,2,4,4,4,3,4,2,1,5,2,5,4,4,1,2,1,5,1,5,1,4,1,4,5,3,1,5,5,5,2,5,5,4,1,5,5,1,1,5,3,1,3,4,5,5,1,2,5,1,3,2,5,4,1,3,4,2,5<br>
A00826209,5,1,4,2,4,2,2,2,5,3,1,1,1,5,1,4,4,4,1,2,5,5,5,1,4,4,4,1,5,4,4,2,5,0,2,0,5,5,2,2,5,4,3,1,4,4,4,2,5,5,1,1,5,5,1,1,5,5,2,4,1,4,1,1,4,3,1,1,1,2,4,4<br>
A00826221,4,2,4,1,3,4,5,1,5,3,4,4,4,2,3,5,4,5,3,1,4,4,5,2,4,4,3,3,2,5,3,1,3,5,2,4,5,3,2,2,5,5,2,1,5,4,4,2,5,5,0,1,5,2,4,1,5,5,5,2,4,3,3,5,5,5,4,1,4,4,3,4<br>
A00826224,3,3,4,1,5,3,5,1,5,5,1,3,5,3,3,3,4,4,2,1,4,0,1,1,3,3,3,2,5,2,4,3,5,1,0,1,4,2,4,0,5,3,2,1,5,3,4,4,3,3,2,1,5,3,1,1,3,3,4,5,2,4,1,1,0,4,5,1,3,3,2,2<br>
A00826231,5,3,3,2,5,5,4,1,5,5,1,1,5,5,1,3,4,5,1,2,5,0,3,2,5,5,1,1,4,5,4,1,4,0,0,0,5,5,2,1,5,3,3,1,5,3,3,1,5,5,1,1,5,4,1,1,5,5,4,2,3,5,1,1,4,5,3,1,3,2,5,4<br>
A00826266,5,4,3,1,5,4,4,1,5,4,1,3,3,4,1,2,5,5,2,3,4,4,4,1,4,4,3,2,4,2,3,1,4,1,3,1,4,4,2,1,5,2,2,2,5,3,5,2,3,5,1,1,5,5,1,2,5,5,4,2,2,4,1,1,4,5,4,2,2,2,4,4<br>
A00826267,5,3,3,3,2,2,5,1,5,5,3,5,4,4,3,4,4,5,3,2,5,3,3,1,4,4,3,3,3,1,3,2,5,1,1,1,4,2,3,2,5,4,2,1,5,4,5,2,3,3,1,4,4,5,2,1,3,4,4,4,1,3,2,2,3,4,3,3,4,4,3,3<br>
A00826275,5,3,2,2,5,4,1,1,5,4,1,2,2,4,2,4,4,3,2,3,4,4,3,4,5,4,4,1,5,2,4,2,4,1,2,1,4,2,3,2,5,4,2,2,4,4,4,2,5,5,1,1,5,5,1,3,5,5,4,2,3,4,1,1,4,4,5,2,4,3,4,4<br>
A00826289,5,3,3,1,4,5,2,1,3,2,2,5,2,1,5,5,4,5,4,3,1,0,4,3,4,1,4,4,1,4,4,1,3,1,1,1,4,2,1,3,5,3,4,3,4,3,1,3,4,4,1,2,4,5,4,1,5,4,4,2,2,2,1,4,3,4,4,1,5,5,3,3<br>
A00826295,5,4,4,2,3,4,4,1,5,4,2,2,4,5,2,2,3,4,1,3,5,4,5,1,5,5,0,1,3,2,3,1,5,2,1,1,4,5,2,1,5,4,2,1,5,4,3,1,5,5,1,1,5,5,1,1,5,5,3,1,4,4,1,1,4,4,0,1,1,1,4,3<br>
A00826308,5,3,4,4,5,3,5,3,5,5,1,4,5,3,3,5,5,5,5,4,5,3,1,3,4,5,3,2,4,2,5,3,1,2,5,1,5,5,5,3,5,3,1,1,4,5,5,1,3,4,1,2,5,5,1,2,5,4,4,3,2,2,3,4,4,4,4,3,5,3,3,2<br>
A00826318,4,4,4,1,4,5,5,1,5,5,0,1,5,5,1,1,4,4,1,1,5,5,4,1,5,5,1,1,5,0,4,1,5,0,4,0,5,5,1,1,5,4,2,1,5,3,1,1,5,5,1,1,5,4,1,1,5,5,1,1,3,4,1,1,5,5,1,1,1,1,5,5<br>
A00826374,5,2,4,3,4,4,4,1,5,5,1,4,4,5,1,4,5,5,4,3,5,3,4,1,5,5,2,1,4,3,4,1,5,1,3,1,3,3,2,1,5,5,1,2,5,3,1,1,3,5,2,2,5,3,1,1,4,4,4,2,1,4,1,1,2,4,4,2,5,3,4,4<br>
A00826382,4,2,5,1,2,3,5,3,4,2,2,2,1,2,3,4,4,5,2,3,3,2,4,3,4,2,3,2,4,2,4,2,2,1,0,1,5,3,4,4,5,1,4,1,4,2,5,3,2,4,1,2,4,4,0,3,4,4,4,3,2,4,1,2,3,4,4,2,5,4,3,4<br>
A00826395,5,3,4,1,5,5,5,1,5,5,1,2,5,2,1,1,4,2,3,3,5,5,5,1,5,5,4,1,5,2,3,1,5,1,3,1,5,5,3,1,5,5,1,2,5,5,1,1,3,5,1,2,5,5,1,5,5,5,5,1,5,5,1,1,5,5,5,4,1,1,1,1<br>
A00826403,4,3,3,1,4,4,3,1,5,4,2,2,4,4,2,3,4,3,3,3,4,4,5,3,5,5,3,1,5,2,3,1,3,1,1,1,4,4,2,1,4,3,2,2,5,5,4,2,3,5,1,1,5,3,1,3,5,5,3,2,3,3,2,1,4,4,3,2,3,3,3,3<br>
A00826404,5,4,4,1,4,4,4,1,5,4,1,4,3,4,3,3,5,4,3,2,4,4,4,1,5,5,4,2,4,2,4,5,5,2,5,1,5,5,3,3,5,4,1,1,5,2,3,1,4,5,1,1,5,5,1,1,4,4,4,2,4,4,2,2,4,5,4,3,3,2,4,4<br>
A00826413,4,2,3,4,4,4,2,1,5,4,1,3,2,2,3,5,4,4,2,4,2,2,2,1,4,5,1,3,4,3,5,2,5,1,1,1,5,3,2,4,5,4,2,1,5,4,2,2,5,4,1,4,5,5,1,1,3,5,5,1,2,4,1,1,4,4,2,1,5,4,4,3<br>
A00826424,3,4,5,2,4,4,1,1,5,5,1,1,3,5,2,4,3,5,3,2,5,1,2,1,4,4,2,1,4,2,2,3,4,0,1,1,4,5,2,1,4,3,2,1,5,3,3,1,4,4,1,1,5,4,1,4,4,3,3,2,4,5,2,4,3,4,3,2,4,4,3,3<br>
A00826429,5,4,2,1,2,2,1,1,5,5,1,4,5,5,4,4,5,5,2,2,4,5,5,2,5,5,4,4,5,5,4,1,5,1,1,1,5,4,1,1,5,5,2,1,5,3,2,1,5,3,1,2,5,4,1,1,5,4,3,4,1,3,1,1,5,5,3,1,2,2,4,4<br>
A00826430,1,3,1,2,4,4,4,1,5,5,1,3,4,4,2,3,4,4,3,3,4,5,3,2,4,4,3,2,4,4,5,3,4,1,1,1,4,4,1,3,5,3,3,1,4,3,4,2,4,5,1,1,5,5,1,1,4,5,2,1,3,4,2,2,3,4,2,2,3,2,4,4<br>
A00826431,5,4,3,1,3,4,3,1,5,5,1,2,2,4,3,1,4,5,1,1,4,4,4,1,5,4,3,1,4,2,3,1,5,3,1,1,4,4,2,1,5,3,2,1,5,2,3,3,4,5,1,1,5,4,2,1,5,5,2,2,2,4,1,1,5,5,3,1,1,2,3,3<br>
A00826436,5,5,2,2,5,5,3,1,3,4,2,3,3,3,2,2,3,5,1,2,4,4,3,1,4,4,2,1,4,5,3,1,4,2,2,1,5,4,2,1,5,4,2,1,5,5,3,1,5,4,1,1,5,5,1,1,5,5,2,3,3,5,1,1,4,4,4,2,2,2,4,4<br>
A00826452,5,4,3,2,5,4,3,1,5,5,1,1,5,5,1,2,4,5,1,2,5,0,0,1,5,4,1,1,5,5,2,1,4,1,1,1,0,4,2,1,4,3,3,1,4,3,3,2,5,5,1,1,4,4,0,2,3,4,3,3,3,4,1,1,4,4,3,1,3,2,4,3<br>
A00826484,5,3,2,1,4,5,1,1,3,5,0,1,2,5,1,1,5,5,1,2,5,2,5,3,3,3,5,1,1,5,1,1,5,0,1,1,5,3,1,0,5,4,1,1,3,5,3,4,5,5,1,1,5,3,1,1,5,5,4,3,1,4,1,1,3,4,3,0,0,0,0,0<br>
A00826497,4,4,5,3,2,1,1,1,5,4,1,2,1,4,2,3,4,5,2,3,4,1,1,4,2,4,4,1,4,1,5,2,5,1,1,1,5,4,3,2,4,2,2,2,1,2,5,1,4,5,1,1,5,5,1,1,4,5,4,1,1,4,1,1,1,5,4,2,5,2,4,4<br>
A00826509,5,3,4,1,5,4,4,1,5,5,1,1,4,5,3,2,3,5,1,1,5,0,4,1,5,5,1,1,3,5,4,1,5,1,1,1,5,2,3,1,5,3,4,1,5,4,2,1,3,5,1,1,3,5,1,1,5,5,3,1,3,4,2,1,5,5,5,1,3,3,3,4<br>
A00826511,4,3,4,3,3,3,4,1,3,3,3,3,1,3,4,3,3,3,1,3,4,4,4,1,4,5,4,4,3,2,4,2,4,2,2,1,2,4,3,2,3,4,4,2,5,3,3,2,4,4,4,1,2,4,3,1,5,5,4,2,3,2,2,1,4,3,5,1,4,3,3,4<br>
A00826519,5,2,5,3,3,2,4,1,3,4,2,4,2,5,4,5,4,5,4,3,5,0,1,2,4,3,4,4,1,4,5,1,5,1,1,1,4,2,4,2,5,2,2,1,5,4,5,4,3,4,1,1,4,4,5,1,5,4,5,4,2,4,1,4,2,5,3,1,5,5,2,2<br>
A00826527,5,1,4,2,4,4,5,1,4,4,1,4,2,4,1,4,5,4,2,4,5,5,4,3,4,5,4,1,5,1,5,1,4,1,1,1,4,5,2,1,5,2,4,2,4,1,4,2,5,5,1,5,5,5,1,1,4,5,5,1,2,4,5,1,4,5,5,1,4,2,2,4<br>
A00826530,5,3,3,1,3,3,4,1,5,5,1,4,2,1,3,4,3,4,4,5,0,0,2,3,1,2,3,3,4,1,4,2,5,0,0,0,3,2,3,0,4,1,4,3,3,2,4,4,4,5,1,1,3,0,1,1,4,5,4,2,0,4,1,4,3,4,4,0,4,4,3,2<br>
A00826543,4,3,2,2,5,5,5,1,5,5,1,1,5,4,2,4,5,3,2,3,4,4,2,1,4,4,4,1,4,1,4,1,4,1,1,1,5,3,3,1,3,2,1,1,4,2,3,3,3,5,1,2,5,4,1,2,5,4,4,3,4,5,1,3,4,4,4,1,4,2,3,4<br>
A00826551,4,1,4,2,5,5,5,2,5,4,1,5,5,4,3,4,4,3,3,4,4,3,4,2,5,4,4,1,5,2,5,1,5,1,2,1,4,4,3,2,4,2,4,1,5,4,4,4,4,1,1,1,4,4,1,1,5,5,5,4,4,3,1,4,4,4,3,2,4,2,4,3<br>
A00826575,4,2,5,2,4,4,2,1,5,5,1,4,3,4,4,5,4,4,2,3,5,4,4,1,3,4,4,2,2,4,5,4,5,4,2,1,4,4,4,3,4,2,3,1,3,3,4,2,4,2,1,4,5,5,1,2,4,4,4,3,2,5,2,4,4,2,3,3,5,4,4,3<br>
A00826578,4,3,4,3,2,2,5,1,5,5,2,1,4,5,2,5,3,3,4,3,5,3,5,1,3,4,3,4,4,5,5,4,5,1,1,1,3,3,3,1,3,1,3,5,5,3,5,5,5,5,1,4,5,3,5,1,5,5,5,4,1,4,1,5,3,5,5,1,5,4,3,3<br>
A00826603,0,2,4,2,3,2,2,1,5,4,1,4,2,4,1,4,4,3,2,2,4,1,4,2,4,4,3,1,4,4,5,1,5,1,1,1,4,4,4,1,5,4,4,1,4,3,4,3,5,4,1,2,5,4,1,2,4,2,4,4,2,4,1,1,3,4,4,2,3,3,4,4<br>
A00826618,5,3,3,2,5,4,3,1,5,5,1,3,4,5,2,3,5,5,2,3,3,5,1,3,4,4,2,1,5,4,3,1,4,1,1,1,5,4,2,1,5,3,3,1,4,4,4,3,5,1,1,1,5,5,1,2,5,4,4,4,2,4,1,4,3,3,4,1,3,2,4,4<br>
A00826630,5,5,5,2,5,4,5,1,5,5,1,3,5,5,2,3,4,3,2,2,5,5,3,1,5,5,3,1,4,4,5,1,5,1,1,1,5,3,4,1,4,3,2,1,5,4,4,2,5,1,1,1,5,0,1,2,5,5,4,2,4,5,2,1,3,4,5,1,1,4,4,3<br>
A00826634,5,4,5,1,5,4,3,1,5,4,1,3,4,5,1,2,4,3,3,3,5,5,1,1,4,4,4,1,5,1,4,1,5,1,1,1,3,2,3,1,5,3,4,1,5,3,3,1,3,5,1,5,5,5,1,1,5,5,2,2,1,5,1,1,4,4,3,1,3,2,3,5<br>
A00826639,5,4,4,1,5,5,5,1,5,5,1,5,4,5,5,4,5,5,1,1,5,5,1,1,5,5,4,1,5,1,5,1,5,1,1,1,5,2,1,5,5,1,1,1,4,5,5,4,5,5,1,5,5,5,1,1,5,4,5,5,4,5,1,1,5,5,2,1,5,1,4,5<br>
A00826641,4,4,4,2,4,5,3,1,5,5,1,4,4,4,2,3,4,1,1,2,3,2,3,1,4,4,3,1,4,4,4,2,4,2,1,1,3,4,2,2,4,4,2,4,5,4,3,3,4,4,1,4,5,4,1,3,5,4,3,1,3,4,2,2,4,5,5,1,3,2,3,3<br>
A00826647,0,4,2,2,4,4,5,1,5,4,1,4,1,4,1,4,4,4,2,4,4,4,4,1,5,5,5,5,5,5,2,1,4,2,1,1,4,4,1,1,4,4,1,2,4,5,5,1,5,5,1,1,5,0,1,1,5,5,5,1,4,5,4,4,4,2,3,2,1,2,4,5<br>
A00826652,4,2,3,1,3,4,2,1,5,5,1,2,2,4,1,5,5,5,3,2,5,2,2,1,4,4,3,1,5,1,4,3,4,2,1,1,5,5,2,1,5,2,4,1,4,2,4,4,5,5,1,2,5,5,1,3,5,5,5,2,2,5,1,4,2,5,1,1,1,2,5,4<br>
A00826670,5,1,2,1,4,4,5,1,5,5,1,4,5,5,1,3,5,5,2,5,5,0,2,3,4,5,2,1,3,5,5,3,5,4,1,1,5,4,1,3,5,4,2,1,3,2,3,2,5,5,1,1,5,5,1,1,5,4,3,2,5,5,1,1,4,5,5,2,3,1,5,5<br>
A00826709,5,2,1,1,4,5,5,1,5,2,1,5,3,4,3,1,5,4,1,1,4,0,4,1,4,3,4,1,4,5,3,1,5,1,1,1,5,5,1,1,5,4,4,3,5,3,3,1,3,5,1,1,5,5,0,2,5,4,3,2,5,5,1,1,5,5,3,1,1,1,5,3<br>
A00826715,5,5,3,2,5,4,4,5,5,5,1,1,5,5,2,3,5,4,1,1,5,0,4,1,1,1,1,1,5,0,4,1,5,0,0,1,5,3,2,1,5,4,4,1,5,5,3,1,5,5,0,0,5,4,0,1,4,5,5,1,4,5,1,0,5,5,3,1,5,4,3,4<br>
A00826752,5,3,5,2,5,5,4,2,5,5,2,4,3,3,2,4,4,3,2,4,5,2,2,2,4,4,2,1,5,2,4,3,3,2,5,1,4,5,3,2,5,2,1,4,5,5,5,1,4,4,1,2,5,5,1,1,5,5,3,4,3,4,1,1,3,4,4,2,4,2,4,4<br>
A00826757,5,3,4,1,5,5,3,1,4,5,1,4,3,5,2,3,5,4,3,1,5,0,5,1,5,5,3,1,5,5,5,1,3,0,0,0,4,3,3,1,4,3,5,3,5,5,3,1,4,4,1,3,3,2,4,1,5,5,5,5,5,5,1,4,4,4,5,1,4,3,3,4<br>
A00826773,4,3,4,3,4,3,4,3,5,4,2,3,3,2,2,3,3,4,3,3,4,0,3,1,4,3,3,0,3,0,4,4,3,2,1,1,4,4,3,3,3,2,3,2,5,3,4,2,3,4,1,1,1,0,0,2,5,5,3,2,2,4,1,0,3,4,3,1,3,3,3,3<br>
A01021746,4,3,5,1,5,3,5,2,5,3,1,4,5,4,5,4,4,5,2,4,4,4,2,2,5,4,1,3,2,5,4,1,5,1,1,1,5,3,1,1,5,2,5,1,4,4,5,2,4,5,1,2,3,4,1,1,4,3,4,4,1,3,1,4,4,5,4,1,4,5,2,2<br>
A01021769,4,2,2,1,4,5,4,1,5,5,1,2,5,5,2,3,5,5,2,4,4,0,1,2,5,4,4,1,4,5,1,1,4,2,1,1,5,2,2,1,5,2,4,2,4,1,5,1,5,5,1,1,5,5,1,1,4,4,4,2,2,5,1,4,4,4,5,1,4,2,4,4<br>
A01021785,5,1,4,2,4,5,4,1,5,5,1,2,3,5,1,2,4,4,1,1,4,5,3,1,4,4,2,1,5,2,4,1,5,1,1,1,4,4,1,1,4,4,3,1,5,5,5,1,4,4,1,4,5,5,1,1,5,5,4,1,1,4,1,3,4,3,5,4,4,3,5,4<br>
A01023034,5,3,4,1,4,5,5,1,5,5,1,3,4,4,2,5,5,5,4,3,5,5,5,1,4,4,1,1,5,1,3,1,5,1,1,1,5,3,1,1,3,3,2,1,5,3,3,1,5,5,1,1,5,3,1,2,5,5,4,1,2,5,1,1,3,5,3,1,3,1,4,4<br>
A01023150,4,2,5,3,4,3,4,1,5,3,1,5,3,3,5,5,2,3,4,4,2,2,4,1,1,3,3,5,4,2,4,2,4,4,2,2,4,2,3,2,5,2,4,3,3,4,3,4,3,4,1,4,1,2,1,3,1,2,5,5,4,4,1,2,0,3,4,4,5,5,2,2<br>
A01023291,4,2,3,1,5,5,5,2,4,3,1,3,2,4,3,4,5,4,2,5,4,5,4,2,5,4,3,1,5,2,4,2,5,2,2,2,3,4,3,1,4,4,3,1,5,4,3,2,4,4,1,1,4,5,1,1,5,5,3,1,2,3,1,2,3,4,3,1,3,2,3,4<br>
A01023428,5,4,4,2,3,2,4,1,5,5,1,2,5,4,1,2,5,3,1,1,4,5,4,1,5,5,2,1,5,4,5,2,5,1,1,1,5,1,3,1,3,5,2,2,5,3,3,1,3,5,1,2,5,4,0,1,4,4,4,2,3,5,2,1,4,5,4,4,3,1,4,4<br>
A01026680,5,3,5,2,4,5,4,1,5,5,1,5,4,5,2,4,5,5,2,3,5,5,4,2,5,5,3,2,0,2,5,1,5,0,1,1,5,5,2,2,5,4,4,1,4,5,3,1,4,5,1,1,5,5,1,2,5,5,3,2,5,5,2,2,5,5,4,1,5,3,4,4<br>
A01039081,5,4,4,1,4,3,4,2,5,4,1,2,3,4,1,1,4,5,1,2,4,4,2,1,5,5,1,1,5,5,4,2,5,3,3,1,4,3,3,1,5,5,4,4,5,3,3,1,4,4,1,4,5,5,1,1,4,5,2,1,4,4,1,1,4,5,3,2,1,1,4,5<br>
A01066640,4,5,4,2,4,4,5,1,5,5,1,4,5,5,3,5,5,5,2,4,4,0,5,1,5,4,3,3,4,4,4,2,5,1,1,1,5,4,2,2,5,4,4,3,5,5,2,1,3,5,1,1,5,5,1,1,5,5,4,1,3,4,1,4,5,5,5,4,4,2,4,4<br>
A01066670,4,1,5,2,3,5,5,2,4,5,2,5,1,3,4,5,3,5,2,3,3,3,4,1,4,4,4,4,2,4,5,2,5,1,1,1,4,2,3,1,5,2,4,1,4,5,4,2,5,5,1,2,3,2,1,1,4,5,5,1,1,4,3,3,4,5,2,1,5,4,2,3<br>
A01066873,4,2,5,1,4,4,3,1,5,1,1,4,2,2,1,1,4,2,1,4,2,4,5,1,4,3,2,1,4,5,4,1,2,1,2,1,5,5,4,1,4,4,2,1,5,4,3,2,5,4,1,1,1,3,3,1,4,5,4,2,5,5,1,1,4,3,5,1,2,4,4,4<br>
A01138558,5,3,3,1,4,5,5,1,5,5,1,3,5,5,2,4,4,4,2,2,5,4,5,1,5,4,4,1,2,2,3,1,4,2,1,1,4,4,2,1,4,2,1,1,5,5,3,2,3,5,1,3,5,4,1,1,5,5,3,1,4,5,1,2,4,3,3,2,5,3,2,4<br>
A01138631,5,3,4,2,5,5,1,1,5,3,2,1,4,5,1,3,4,4,2,3,5,1,1,1,5,4,2,1,5,1,2,1,5,1,5,1,5,1,1,2,4,5,5,1,5,2,1,1,2,5,1,5,5,4,1,5,5,5,1,1,2,5,1,1,5,5,5,2,3,2,4,4<br>
A01139529,5,4,2,1,5,5,4,1,5,5,1,1,4,5,2,2,5,5,1,5,5,0,1,1,5,4,2,1,3,2,3,1,5,1,1,1,5,4,1,1,5,2,4,1,5,3,4,1,3,4,1,1,5,5,1,1,3,5,3,1,2,4,1,4,4,5,3,1,4,2,5,4<br>
A01154993,4,3,3,1,5,4,3,1,4,5,1,1,4,4,2,3,4,2,2,1,5,4,3,1,5,4,2,0,5,3,3,1,5,2,1,1,5,5,1,1,3,3,2,1,4,4,3,3,5,4,1,1,5,3,1,1,5,4,4,2,5,5,1,1,3,3,4,2,2,2,4,4<br>
A01173376,4,4,5,2,4,5,5,2,5,3,1,4,1,5,1,3,5,5,5,4,5,5,5,1,4,4,4,1,5,5,3,1,5,0,0,0,5,5,2,1,5,5,4,2,5,4,1,1,3,5,4,1,3,3,5,1,5,5,4,1,2,5,1,1,4,5,3,0,4,5,2,5<br>
A01173397,5,2,3,1,3,3,4,1,4,3,1,5,2,2,1,2,3,4,2,4,4,2,1,2,4,4,4,3,3,4,4,2,4,1,2,1,4,2,2,2,5,4,1,2,3,2,3,2,5,4,1,4,5,5,1,1,2,3,2,4,3,5,1,2,4,5,4,3,1,1,5,4<br>
A01173531,4,1,4,1,4,4,4,1,5,4,1,3,2,3,3,4,4,3,4,4,4,5,5,3,3,4,5,5,3,4,5,2,5,0,1,1,0,4,3,3,5,3,3,4,4,3,3,4,2,4,0,3,3,3,0,1,5,5,4,1,3,3,1,4,3,4,4,2,5,4,4,4<br>
A01176709,4,4,4,4,4,4,4,1,5,5,1,5,5,5,2,4,5,1,3,3,4,4,5,1,5,5,4,1,4,4,2,1,5,1,1,1,5,4,1,1,4,3,1,3,4,5,5,2,3,4,1,1,5,5,0,3,5,5,4,1,3,4,1,4,4,5,5,3,3,3,4,4<br>
A01176924,3,4,5,3,3,3,4,1,4,3,1,1,2,2,3,4,3,3,3,3,3,4,3,1,4,3,3,3,5,1,5,3,5,1,5,1,3,3,4,2,1,1,4,3,4,3,4,2,4,4,1,4,5,3,1,5,4,4,3,3,2,3,2,4,3,3,3,2,4,4,4,4<br>
A01176936,5,2,4,1,4,4,1,1,5,5,1,1,5,5,3,4,3,5,2,2,4,2,4,1,5,3,4,1,5,1,5,1,5,1,1,1,5,5,1,1,4,1,1,1,5,5,5,1,5,5,1,1,5,5,1,1,5,5,5,1,4,4,1,1,5,5,3,1,3,4,1,4<br>
A01176961,5,4,4,1,4,5,1,1,5,5,1,5,5,5,2,2,5,5,1,1,5,4,4,1,5,4,1,4,4,4,4,1,5,1,1,1,5,2,2,1,5,5,4,1,5,3,2,1,5,5,1,1,4,2,2,1,4,4,4,2,2,4,1,5,3,4,5,1,2,2,4,4<br>
A01176964,5,4,2,1,3,4,1,1,5,5,1,3,4,5,2,3,4,5,1,2,4,0,4,1,5,5,1,1,4,5,3,3,5,1,1,1,5,4,1,2,5,4,3,1,4,3,3,2,4,4,1,1,4,4,1,1,4,4,3,2,3,4,1,2,4,4,3,1,3,2,4,4<br>
A01176967,1,2,3,1,3,4,5,1,4,4,1,1,5,5,4,3,4,4,2,2,5,3,3,1,4,4,3,1,5,3,4,2,5,1,1,1,5,4,2,4,5,3,4,1,5,4,5,1,0,5,1,1,5,5,1,1,5,5,4,2,4,5,2,4,4,4,4,2,3,1,4,3<br>
A01176983,5,3,3,1,4,5,4,1,5,5,1,2,5,5,1,2,4,5,2,3,5,3,2,1,5,5,2,1,4,4,3,1,4,1,1,1,5,3,2,1,5,5,4,1,5,4,3,2,5,5,1,1,5,5,1,1,4,4,4,1,3,5,1,1,4,4,3,1,4,2,4,4<br>
A01176991,5,2,4,2,3,4,3,1,5,4,1,2,3,4,1,3,3,4,3,2,5,1,2,3,4,3,4,2,2,2,5,2,5,1,1,1,4,3,4,2,5,1,4,2,4,4,5,4,4,5,1,5,5,4,1,1,5,5,4,2,3,4,2,1,2,4,3,2,2,2,3,4<br>
A01177008,2,2,5,4,3,3,3,1,3,3,3,3,1,1,2,5,4,1,4,5,2,4,4,4,2,2,5,3,4,1,3,1,4,1,1,1,4,1,4,1,1,1,3,3,2,3,5,5,3,3,1,5,5,1,1,3,1,1,4,5,1,3,1,4,2,3,5,5,2,3,2,2<br>
A01177020,4,4,4,4,4,5,5,1,5,5,2,4,2,2,3,4,3,4,3,3,3,4,4,1,4,3,4,2,5,2,4,3,4,1,2,1,4,3,3,2,5,2,2,1,1,5,3,1,4,4,1,3,5,3,1,2,5,5,4,4,3,4,2,2,2,3,3,4,4,3,3,4<br>
A01177022,5,4,3,1,5,5,5,2,5,5,1,1,5,5,3,3,4,5,3,3,5,0,4,1,5,5,3,1,3,0,5,1,5,1,0,0,5,3,1,1,5,3,3,1,5,4,3,3,5,5,1,1,5,5,1,3,5,5,3,1,3,5,1,1,4,4,1,1,5,1,5,5<br>
A01177027,1,5,5,1,4,4,5,1,5,4,1,2,3,4,1,4,4,4,2,2,4,0,3,1,5,5,4,1,3,2,4,1,5,0,1,1,5,4,2,2,5,4,3,2,5,4,3,1,4,4,1,2,5,5,1,3,5,5,5,2,4,4,1,2,3,3,3,3,3,2,4,5<br>
A01177030,5,4,3,2,3,4,5,1,3,4,1,2,4,5,3,4,4,4,3,4,5,0,4,2,4,3,3,0,3,5,5,2,5,1,1,1,4,3,2,1,5,4,4,1,5,4,3,2,5,5,1,1,5,3,1,1,5,5,3,2,2,5,1,2,4,4,3,1,4,2,3,4<br>
A01177040,5,3,1,1,4,3,2,1,5,5,1,1,5,5,2,2,4,4,1,2,5,4,4,1,4,4,2,1,3,4,4,2,5,1,1,1,4,4,2,1,4,4,2,1,5,4,2,1,5,5,1,4,5,5,1,2,2,5,3,1,2,4,1,1,4,3,4,2,2,2,4,4<br>
A01177051,5,3,4,3,4,5,5,1,5,2,1,4,2,5,2,3,4,5,2,2,5,2,4,1,4,4,4,2,5,3,3,1,3,1,1,1,4,3,1,1,4,3,3,1,5,5,3,1,5,5,1,1,5,5,1,1,5,4,4,2,2,4,2,4,4,4,3,1,3,2,4,4<br>
A01177054,5,2,3,1,4,4,3,1,4,1,3,5,1,5,4,1,5,3,4,1,5,5,5,1,5,2,3,3,2,5,4,3,1,1,1,1,4,5,1,5,4,4,1,1,5,3,3,1,5,5,1,5,5,3,5,1,4,5,3,1,1,5,1,5,5,5,5,1,3,1,5,4<br>
A01177069,4,2,4,2,4,5,4,1,5,5,1,2,4,5,1,2,4,5,1,2,5,0,2,1,5,5,2,1,4,2,4,1,5,1,1,1,5,4,2,1,5,3,3,1,5,5,4,1,5,4,1,2,5,5,1,1,5,5,3,1,2,4,1,1,4,4,3,1,2,2,5,4<br>
A01177070,5,3,4,2,3,4,5,1,5,4,1,4,4,4,2,3,4,4,2,4,5,4,5,1,5,5,3,1,3,4,5,1,5,1,1,1,4,2,2,1,4,2,4,2,5,4,3,2,4,4,1,1,4,3,1,1,4,5,4,2,2,4,2,4,2,4,4,3,4,3,4,4<br>
A01177077,5,1,5,1,5,5,4,1,5,5,1,2,1,5,1,4,5,3,3,5,5,0,2,1,3,4,4,1,5,5,5,1,5,1,1,1,5,2,2,1,4,2,1,1,5,4,5,1,5,5,1,1,4,4,1,1,5,4,3,4,2,3,1,1,4,5,5,1,2,2,5,5<br>
A01177099,5,4,4,1,4,3,4,1,3,5,2,5,3,4,3,3,4,4,3,4,5,5,5,1,4,4,3,1,4,4,4,2,1,1,1,1,4,2,3,1,5,2,4,2,4,4,3,2,2,1,1,4,5,5,1,1,3,5,4,1,2,4,1,4,3,4,2,1,3,4,4,3<br>
A01177106,2,3,2,2,5,5,4,1,3,4,2,4,4,4,2,3,4,3,2,2,4,3,4,2,5,2,4,4,4,4,5,1,5,4,2,1,5,4,2,1,4,1,1,3,4,5,5,4,4,4,2,1,5,2,5,1,5,4,3,1,3,5,1,5,4,5,5,2,3,3,4,4<br>
A01177128,4,4,3,2,3,4,4,1,4,5,1,3,4,4,2,3,4,5,2,2,4,2,2,1,5,4,2,1,4,2,4,2,5,1,1,1,4,3,3,0,4,3,2,2,5,3,3,1,5,4,1,1,5,5,1,1,4,5,3,2,2,4,1,3,3,5,5,2,3,2,4,4<br>
A01177145,3,4,4,1,2,2,3,1,4,4,1,4,2,4,1,5,5,3,2,4,4,2,4,1,3,4,4,1,2,1,5,2,5,1,1,1,4,2,2,1,3,1,4,1,4,2,3,1,3,5,1,1,5,5,1,1,5,5,1,2,2,5,2,4,3,4,3,2,4,3,4,2<br>
A01193739,4,2,4,1,5,5,1,1,5,4,1,1,5,5,1,1,5,4,1,1,5,5,4,1,5,5,2,1,5,2,4,2,5,1,2,1,5,5,3,2,5,4,1,3,5,3,3,1,4,5,1,1,5,5,1,2,5,4,4,2,5,5,1,2,4,5,5,1,1,1,5,5<br>
A01194369,5,3,5,2,5,3,4,1,5,5,1,3,4,5,1,3,4,5,2,2,4,3,4,1,5,5,3,1,5,1,4,1,5,1,1,1,4,2,3,1,5,2,0,1,5,4,2,2,5,5,1,2,5,5,1,2,4,4,4,2,4,4,1,1,3,5,3,1,3,2,4,4<br>
A01194664,4,3,4,2,4,4,4,1,5,4,1,2,2,3,2,4,5,3,4,4,4,3,5,2,5,3,3,1,4,3,4,1,4,2,1,1,4,3,3,1,3,2,3,2,4,3,5,2,5,4,1,1,5,4,1,4,4,4,4,3,2,3,1,1,4,4,4,1,4,2,3,4<br>
A01194748,5,4,3,1,3,3,3,1,5,4,1,1,5,4,1,3,4,4,1,3,5,5,2,1,5,4,2,1,5,1,4,1,4,1,4,1,4,5,3,1,5,2,4,1,5,3,3,1,3,5,1,1,5,5,1,3,5,5,2,1,1,4,1,2,3,2,3,1,4,1,5,4<br>
A01194750,4,3,4,3,4,5,5,1,5,4,0,3,5,5,1,3,5,3,3,3,5,3,5,1,4,5,3,1,4,4,4,1,5,1,0,1,4,5,3,3,3,4,1,1,4,1,1,1,3,5,1,4,5,5,1,1,5,5,3,1,2,5,1,1,3,3,5,1,2,1,4,4<br>
A01194751,5,2,2,2,4,5,4,1,5,4,1,2,2,4,1,4,4,4,2,2,5,3,4,1,4,4,2,1,4,2,4,1,4,1,1,1,5,4,4,2,5,3,3,1,5,5,3,2,4,4,1,2,5,5,1,1,5,5,4,1,2,5,1,4,4,5,3,1,2,2,2,4<br>
A01194815,5,3,4,1,2,5,5,1,5,5,1,1,5,5,2,5,5,5,1,1,5,5,1,1,4,5,1,1,1,3,5,1,5,0,0,1,5,3,2,1,5,1,3,1,5,5,5,2,4,5,0,1,5,5,1,1,5,5,3,1,3,5,1,1,5,4,5,1,5,3,4,4<br>
A01194817,5,4,5,1,5,5,4,3,5,5,1,3,5,5,1,3,5,4,1,2,5,5,4,1,5,5,3,1,5,5,4,1,5,1,1,1,5,5,1,1,5,4,3,1,5,1,2,1,5,5,1,4,5,3,1,2,5,5,5,2,5,5,1,1,4,5,5,2,4,1,2,4<br>
A01194923,5,3,4,1,4,4,5,1,4,3,1,2,4,4,5,5,5,4,3,5,5,5,4,1,4,3,4,1,3,2,4,1,3,1,1,1,2,3,2,2,4,2,4,1,5,3,3,1,3,4,1,1,5,4,1,2,4,5,4,2,4,4,1,1,3,3,4,1,5,3,3,4<br>
A01194931,5,3,4,3,2,5,5,2,5,5,1,4,3,4,2,4,5,4,2,3,4,0,0,1,4,3,4,2,1,5,4,1,4,0,1,0,4,1,2,1,4,4,4,0,5,3,2,2,4,4,1,4,5,4,1,0,3,4,3,4,2,2,2,5,4,3,3,1,4,5,3,3<br>
A01194941,5,3,0,3,5,5,5,1,5,5,1,1,5,5,0,1,5,4,1,1,5,4,4,1,5,5,2,1,5,5,3,1,5,1,1,1,5,4,1,1,5,3,4,1,5,4,0,1,5,5,1,1,5,3,1,1,5,5,3,1,3,5,1,1,0,0,3,1,1,2,5,5<br>
A01194963,5,4,4,2,4,5,5,4,5,5,1,5,5,5,2,3,4,4,2,2,5,5,4,1,5,5,4,1,5,1,4,1,5,0,0,0,5,5,3,2,4,3,4,4,4,4,4,5,5,5,0,0,5,5,0,3,5,5,4,4,4,4,2,5,5,5,5,1,2,1,3,3<br>
A01194967,5,3,4,2,5,4,4,1,4,5,1,4,3,4,3,2,0,4,2,3,4,2,3,1,4,4,4,1,5,2,4,1,4,1,1,1,4,4,2,1,5,3,2,1,5,3,3,0,5,4,1,2,3,3,1,1,3,5,4,4,2,4,1,1,4,4,4,2,2,2,4,4<br>
A01195513,1,3,3,2,5,5,5,5,5,5,4,5,5,5,3,3,3,4,2,3,5,5,5,1,5,5,3,3,5,4,4,3,5,0,5,1,5,5,2,2,4,5,2,1,4,2,2,2,2,5,5,3,5,5,1,1,5,5,4,1,5,5,4,5,4,3,5,3,4,4,4,5<br>
A01197115,5,2,3,3,2,1,3,3,4,3,3,3,2,3,4,4,4,5,2,2,4,3,4,3,3,2,2,3,3,0,4,3,3,1,1,0,4,1,3,3,2,1,1,1,5,3,5,1,3,0,0,0,5,5,0,0,5,3,3,3,3,4,0,0,0,0,5,0,0,0,2,3<br>
A01197133,4,3,4,1,4,4,5,1,4,5,1,1,5,5,2,4,4,4,2,3,5,5,4,1,4,5,2,1,4,4,4,1,5,2,5,1,4,3,2,1,5,3,2,1,5,5,4,3,3,4,2,4,3,4,2,1,5,5,4,2,3,5,1,2,5,5,4,1,3,3,4,5<br>
A01197145,5,3,4,2,4,4,5,2,5,5,1,4,5,5,4,5,4,5,3,3,5,5,4,1,4,4,3,3,2,5,4,2,4,1,1,1,4,4,4,2,5,3,3,2,4,4,3,4,5,5,1,4,5,4,1,1,5,5,4,1,4,4,2,5,3,5,3,1,5,4,4,4<br>
A01197153,5,2,4,2,5,5,4,1,5,5,1,5,5,5,2,2,5,4,1,2,5,2,2,1,4,4,2,1,3,5,3,1,3,0,1,0,4,2,1,1,5,3,2,1,5,4,2,2,5,5,1,1,5,4,1,1,5,5,3,3,2,5,1,4,5,5,3,1,4,1,4,4<br>
A01197171,4,4,5,3,4,4,3,2,2,3,3,2,2,4,3,4,4,4,3,4,4,5,4,2,3,2,2,2,4,4,3,2,4,2,1,1,5,2,3,2,5,2,5,3,5,4,5,2,4,4,1,4,5,3,2,1,3,5,4,2,4,4,3,4,5,5,5,3,4,4,4,4<br>
A01197200,5,3,2,3,3,2,2,1,5,5,1,1,2,4,2,1,1,5,1,4,4,0,1,1,5,3,2,1,3,1,4,1,3,1,1,1,4,3,2,1,5,3,3,1,4,4,4,3,5,5,5,2,5,5,1,2,4,5,2,1,2,4,1,4,4,4,3,1,1,1,4,3<br>
A01197202,2,2,5,1,3,2,1,1,4,4,1,3,3,3,4,5,4,3,2,4,4,0,4,2,4,4,4,1,4,5,5,3,4,2,1,1,3,3,3,0,4,2,4,4,4,3,5,5,4,4,1,4,2,4,3,1,4,4,4,2,2,3,2,5,3,4,4,2,4,5,2,3<br>
A01197208,5,2,4,1,4,2,5,4,5,4,1,4,2,3,2,4,5,5,2,1,3,0,2,1,5,4,4,1,4,2,4,2,2,1,1,1,5,1,1,2,5,2,4,1,5,5,4,2,5,4,1,5,4,2,1,1,5,5,5,4,2,2,1,1,4,5,4,2,5,4,4,4<br>
A01197210,5,5,3,3,4,4,4,1,5,4,1,1,3,5,1,1,5,4,1,3,5,5,1,2,5,5,4,1,5,5,4,1,5,2,1,1,5,3,1,1,5,4,1,1,5,5,3,2,5,5,1,5,5,5,1,3,5,5,1,1,4,5,1,1,2,5,5,2,1,1,5,5<br>
A01197215,5,3,2,2,5,5,2,1,5,5,1,4,4,5,2,2,5,4,1,1,5,0,1,2,5,5,1,2,4,1,2,1,5,1,1,1,5,2,1,1,5,5,1,5,1,4,3,2,5,5,1,1,4,4,1,1,5,4,1,2,1,5,1,1,4,5,4,1,2,1,5,5<br>
A01197219,4,2,4,3,3,3,5,1,4,4,1,4,4,5,4,4,4,3,4,3,4,5,4,3,3,4,4,4,2,3,4,2,5,1,2,1,4,4,4,2,4,3,1,4,4,2,4,4,4,3,1,3,5,5,1,1,4,5,3,1,2,4,1,3,4,4,4,3,5,3,2,2<br>
A01197234,4,3,5,1,3,2,5,3,4,3,1,3,4,4,4,3,4,5,2,3,5,4,2,1,5,4,2,2,4,5,5,1,5,1,2,1,5,3,2,1,5,3,4,1,5,4,3,1,4,4,1,4,5,5,1,2,5,5,3,1,1,3,1,1,3,4,3,1,2,2,4,4<br>
A01197250,5,3,4,1,3,4,5,4,4,3,4,5,3,5,5,5,5,3,3,4,4,5,4,2,4,4,4,3,5,5,4,1,5,1,1,1,5,3,2,2,5,4,1,2,4,2,4,3,5,5,1,4,5,5,1,1,5,5,5,2,2,4,1,1,4,5,5,1,5,3,5,5<br>
A01197253,4,5,4,2,4,4,5,1,5,4,1,4,3,5,3,4,5,1,4,4,5,4,4,3,5,5,4,5,4,5,5,5,5,4,2,1,4,4,3,1,5,4,3,2,5,3,2,1,1,4,1,4,5,4,5,1,4,5,4,2,3,5,4,5,5,5,5,5,4,4,4,5<br>
A01197271,5,5,5,1,5,4,4,2,5,5,1,1,5,5,1,2,5,5,1,1,5,5,1,1,5,5,2,1,5,2,3,1,5,1,1,1,5,5,1,1,5,5,1,1,5,3,2,1,5,5,1,1,5,5,1,1,5,5,4,1,5,5,1,4,5,5,2,1,2,3,5,3<br>
A01197290,1,1,4,1,5,5,4,1,5,4,1,5,1,2,3,1,5,4,2,4,2,1,5,3,5,4,3,4,5,5,5,3,5,1,1,1,2,3,4,1,5,5,1,4,5,3,3,1,1,5,1,4,5,5,1,3,5,4,1,4,1,3,1,5,1,5,5,5,4,3,5,5<br>
A01197313,1,2,4,4,4,3,4,4,4,3,1,5,2,2,3,4,4,5,2,2,3,1,1,2,4,3,3,1,2,3,4,2,3,1,1,2,4,3,2,2,5,2,3,1,4,3,5,3,4,5,1,1,4,3,5,2,3,4,4,2,5,3,2,3,0,4,4,1,3,4,3,4<br>
A01197330,4,2,4,5,4,5,5,1,5,4,1,1,3,4,1,4,5,4,3,4,5,0,1,1,5,3,5,1,5,1,3,1,5,1,1,1,3,3,2,1,4,3,4,1,1,4,5,3,5,5,1,1,5,5,1,1,5,5,3,1,1,4,1,1,3,5,5,1,5,2,4,4<br>
A01197340,5,1,4,1,4,1,5,1,5,5,1,5,5,5,3,2,3,5,1,4,5,3,5,1,5,5,5,1,3,1,5,1,1,1,1,1,5,1,1,1,5,4,5,1,5,5,3,1,5,5,1,1,5,5,1,1,5,5,1,1,1,5,1,5,2,5,5,1,4,1,5,5<br>
A01197344,4,4,5,1,4,4,5,1,5,4,3,4,3,3,1,4,4,4,4,3,4,2,4,1,4,3,2,1,5,2,5,2,4,2,1,1,4,3,3,2,2,1,4,4,4,3,3,3,4,4,1,1,5,4,1,2,4,3,4,3,4,4,2,4,4,4,4,2,4,4,3,3<br>
A01207430,5,2,1,3,5,5,1,1,5,5,1,1,5,4,1,1,5,5,1,2,4,0,1,1,5,5,1,1,5,2,2,1,5,1,1,1,5,5,1,1,5,5,1,1,5,1,3,1,4,5,1,1,5,5,1,1,5,5,2,1,3,5,1,1,5,5,5,1,2,1,4,5<br>
A01232431,4,1,3,2,4,3,3,1,4,3,1,2,2,3,2,3,5,5,1,3,5,0,1,2,4,3,3,3,4,4,5,5,4,1,1,1,4,4,3,1,2,1,0,0,3,3,4,2,4,4,0,1,5,1,0,1,4,3,4,4,1,4,1,2,3,3,3,0,2,3,4,4<br>
A01234029,5,2,4,1,3,4,5,2,4,4,1,5,1,3,5,5,4,5,4,4,4,2,5,3,2,2,5,5,1,2,5,5,2,1,1,1,5,4,4,5,5,1,4,1,2,4,5,5,5,5,1,5,2,1,5,1,1,4,5,4,2,4,1,4,4,4,4,1,5,5,1,2<br>
A01234119,4,4,4,2,4,5,4,4,5,4,2,4,3,5,3,2,4,4,2,2,5,4,4,2,4,4,4,3,3,5,5,3,3,2,1,1,5,4,3,2,4,1,4,1,4,5,5,4,5,5,1,4,4,4,3,1,3,4,4,2,2,4,1,1,3,4,5,1,3,2,4,4<br>
A01235382,5,2,4,1,5,5,4,1,4,5,1,4,3,5,2,2,4,5,2,2,5,0,1,1,4,4,2,1,5,5,2,1,5,2,1,1,5,3,2,1,5,2,2,1,5,3,3,1,5,4,1,1,5,0,0,2,5,5,3,1,4,5,1,1,4,5,2,1,4,2,5,5<br>
A01242466,4,3,4,4,3,2,1,1,5,5,1,4,4,5,3,2,5,4,1,3,4,2,3,1,5,4,4,1,3,3,4,3,5,1,1,1,0,2,2,0,5,2,2,1,5,1,3,1,5,5,1,1,5,0,0,0,5,4,2,2,1,5,1,3,0,5,4,2,2,3,4,3<br>
A01244984,5,4,3,2,4,4,5,4,4,4,3,4,4,5,3,3,4,4,2,2,5,1,4,1,4,4,4,3,4,4,4,1,4,1,4,1,4,4,1,1,5,4,4,3,5,3,5,1,4,4,3,4,4,3,4,1,5,4,3,2,2,4,1,4,3,4,4,3,4,2,4,4<br>
A01245026,5,4,4,1,1,5,5,3,5,5,2,4,4,4,5,5,5,3,4,2,5,1,5,2,5,5,3,2,5,5,5,4,5,1,1,1,5,5,4,4,3,4,2,3,5,5,3,1,4,5,1,1,5,5,1,1,5,5,5,2,4,5,2,5,5,5,5,2,4,4,2,5<br>
A01245090,2,1,5,4,5,5,5,1,5,5,5,5,3,3,4,4,2,5,2,3,5,0,5,2,3,4,4,5,1,5,5,3,5,1,1,1,1,2,5,1,4,3,4,1,5,3,4,3,4,5,4,1,2,3,2,2,1,1,4,4,4,5,1,4,4,3,5,1,4,5,3,3<br>
A01245132,5,4,4,2,4,2,2,1,5,4,1,1,2,5,1,1,3,5,1,1,5,5,1,1,5,4,2,1,5,5,3,1,5,1,1,1,5,4,1,1,2,2,3,1,5,5,3,1,5,1,1,1,5,5,1,1,2,4,3,2,1,5,1,1,3,3,1,1,1,2,2,3<br>
A01250072,2,2,4,4,2,3,1,1,4,5,3,4,3,4,3,3,3,4,3,3,2,1,4,2,3,4,4,3,4,3,5,3,4,1,1,1,3,3,4,1,4,2,4,2,2,5,4,4,2,3,4,4,4,4,1,3,2,4,4,4,2,4,3,5,3,3,3,3,4,4,3,3<br>
A01274138,5,2,4,2,4,4,5,2,5,5,1,4,5,5,2,4,4,5,1,5,5,2,3,1,5,5,3,1,1,5,4,1,5,2,2,2,4,3,1,1,5,5,4,1,4,5,5,2,5,5,1,2,5,5,1,2,5,3,4,2,2,4,1,1,3,3,2,1,5,2,4,4<br>
A01274344,5,3,4,3,3,3,5,1,5,5,3,3,4,5,4,4,4,5,2,1,4,1,4,3,4,3,3,3,4,2,5,5,5,1,1,1,5,3,2,3,3,1,4,1,4,4,5,2,3,5,1,5,5,5,1,1,3,4,4,2,2,4,1,1,4,4,4,2,4,4,3,4<br>
A01280038,4,3,4,5,3,4,4,1,5,3,1,4,2,4,4,2,3,4,1,4,3,0,5,1,2,2,4,3,2,1,2,3,5,1,1,1,5,3,1,3,5,3,4,2,3,2,5,4,5,5,1,1,5,1,1,1,3,2,4,3,4,4,1,4,2,4,5,1,3,3,3,4<br>
A01280144,5,2,4,1,4,5,3,1,4,4,1,5,2,4,3,3,4,4,2,2,3,0,1,3,2,1,5,3,2,4,4,0,5,0,0,0,0,3,2,0,5,1,5,1,3,1,4,5,4,5,1,4,4,2,5,2,2,4,5,2,2,4,0,5,3,3,4,2,5,5,1,1<br>
A01280468,5,4,4,1,5,5,5,1,5,4,1,1,5,5,1,4,5,5,3,5,5,0,3,1,5,5,3,1,4,5,4,1,5,1,1,1,5,3,1,1,5,5,2,1,5,5,3,1,5,5,1,1,5,5,1,4,5,5,3,1,5,5,1,1,4,5,1,1,4,1,4,5<br>
A01281171,5,4,4,1,5,5,4,1,5,3,1,2,5,5,2,4,5,3,4,2,5,1,3,1,5,4,2,1,5,4,3,1,5,2,4,1,5,3,3,1,5,2,3,2,5,1,1,1,5,5,1,1,5,5,1,1,4,4,3,2,4,4,1,2,4,5,5,1,2,2,4,5<br>
A01281764,5,3,3,1,5,5,5,1,5,5,1,2,4,5,1,1,4,5,1,1,5,3,3,1,5,5,3,1,5,5,5,1,5,1,1,0,5,5,2,1,5,4,3,1,5,5,3,1,5,5,1,1,5,5,1,1,5,5,3,2,5,5,1,1,5,5,4,1,3,1,5,5<br>
A01282135,5,3,2,1,3,2,1,1,5,4,1,4,2,5,2,3,3,5,1,2,5,0,0,1,4,3,2,1,3,3,4,1,2,1,1,1,4,4,1,1,5,2,4,1,4,3,3,3,5,5,1,1,5,3,1,3,4,1,3,5,1,3,1,1,3,5,3,1,2,3,4,4<br>
A01282611,5,2,2,2,5,5,2,1,5,4,1,3,3,3,1,1,5,2,1,1,3,3,3,1,4,4,3,1,5,2,1,1,4,1,1,1,2,1,1,1,4,2,2,4,3,1,3,2,3,4,1,1,5,3,1,1,5,5,2,4,1,4,1,3,1,4,5,3,1,1,5,4<br>
A01283035,5,3,3,1,5,4,4,2,5,5,1,1,5,5,1,1,4,2,2,1,5,5,3,1,5,5,4,1,5,2,4,1,5,1,4,1,5,4,4,1,4,3,2,2,5,4,4,2,5,5,1,1,5,5,1,1,5,5,4,1,1,5,2,1,3,4,3,2,2,2,4,4<br>
A01283041,5,2,4,4,3,2,4,2,2,5,1,4,2,2,1,2,3,3,2,4,4,0,4,1,4,4,4,2,3,5,4,2,5,1,1,1,3,4,3,3,2,3,3,5,4,2,3,2,5,5,1,2,5,5,3,1,5,5,4,2,2,4,1,1,2,4,5,2,1,1,5,5<br>
A01283067,5,4,4,2,5,5,5,1,5,5,1,1,5,5,3,2,5,5,1,1,5,1,4,1,5,4,1,1,5,5,3,2,5,1,1,1,5,4,1,1,5,5,4,1,5,4,3,1,5,5,1,1,5,5,1,1,5,5,3,2,2,5,1,1,3,5,5,1,2,4,4,4<br>
A01283077,5,3,5,1,4,4,5,1,3,5,1,2,4,5,2,4,4,5,3,3,5,5,4,1,5,5,2,1,4,5,5,2,2,2,3,1,3,4,1,1,5,5,2,1,5,5,5,1,3,5,1,5,5,3,1,1,5,5,5,1,3,4,1,2,4,5,5,2,5,1,2,5<br>
A01283085,3,3,5,2,3,4,2,4,4,4,4,5,3,4,4,3,4,3,1,2,4,0,4,3,3,3,3,3,2,3,5,4,4,1,1,1,4,3,3,4,4,2,3,2,4,2,5,3,3,4,1,4,5,5,3,1,3,3,3,4,4,3,1,4,4,4,4,2,2,3,4,4<br>
A01283091,1,3,4,2,3,3,5,5,3,3,2,4,3,3,3,4,4,3,3,3,4,2,4,0,3,3,4,4,3,1,4,2,4,1,2,1,4,3,2,2,4,3,3,2,4,3,3,2,3,4,2,3,3,3,4,1,4,5,3,1,2,3,3,4,3,4,4,2,3,3,3,3<br>
A01283110,5,3,3,1,5,5,5,1,5,5,1,4,4,4,2,3,5,5,1,1,5,3,4,1,5,4,2,1,4,4,5,1,3,1,3,1,5,4,1,1,5,5,3,1,5,4,3,1,1,5,1,3,5,1,3,1,5,4,4,2,3,4,1,5,5,5,5,1,2,1,4,4<br>
A01283118,5,4,4,2,5,5,5,1,5,3,1,4,4,5,2,4,4,5,5,4,5,4,4,2,4,4,3,4,5,1,2,1,5,1,1,1,5,2,1,2,5,5,5,1,5,5,4,2,5,5,1,2,5,5,1,1,4,5,4,4,1,3,1,1,4,5,4,1,4,4,2,3<br>
A01283119,5,4,5,1,3,3,5,1,5,4,1,3,3,5,4,4,5,5,1,1,2,3,0,1,3,5,3,3,4,4,4,1,4,1,0,1,5,5,1,1,5,3,4,1,4,4,1,1,5,5,1,1,2,2,0,0,5,5,4,1,1,4,1,1,4,4,4,1,5,3,3,2<br>
A01283155,1,3,2,1,5,5,3,1,5,5,1,3,5,5,1,2,4,5,2,2,5,5,4,1,5,5,3,1,3,5,1,1,4,2,1,1,4,2,1,1,5,4,2,1,4,3,3,1,5,5,1,2,4,4,2,2,4,4,1,2,2,4,1,1,4,4,3,2,2,2,4,4<br>
A01283156,5,4,3,5,4,5,5,3,5,4,1,5,3,5,4,5,5,5,2,3,5,5,5,1,5,4,3,1,4,5,4,1,5,1,1,1,5,4,3,1,5,1,2,1,5,4,3,2,4,5,1,1,5,5,1,1,5,5,4,1,4,5,1,5,4,4,3,1,5,2,4,4<br>
A01283209,5,4,1,1,5,4,4,1,5,5,1,4,4,5,1,3,5,5,2,1,5,3,1,1,5,5,1,1,3,5,3,1,4,1,1,1,5,3,1,1,5,5,1,1,5,3,3,1,3,5,1,1,5,5,1,1,4,5,4,1,4,5,1,1,4,4,3,1,2,2,4,5<br>
A01283219,5,4,5,2,4,4,5,1,5,3,2,1,5,5,4,5,5,5,4,5,5,0,4,1,5,5,3,1,5,1,5,1,5,0,1,1,5,3,2,1,5,5,5,1,5,3,3,5,5,5,1,0,5,5,1,1,5,5,5,1,4,5,1,1,5,5,3,1,5,4,4,3<br>
A01283239,5,4,2,1,4,4,5,1,5,5,1,1,4,5,1,2,5,5,1,2,4,0,5,1,5,5,3,1,3,4,5,1,5,1,1,1,5,5,2,1,5,4,5,1,4,3,4,2,5,5,1,1,5,5,1,1,5,4,2,2,5,5,1,5,5,5,3,1,3,2,4,4<br>
A01283240,5,4,4,3,5,5,5,1,5,5,1,3,5,5,2,3,5,4,1,2,5,0,5,2,5,5,2,1,5,0,3,1,4,1,0,1,5,5,1,1,5,3,4,1,5,4,3,3,5,5,1,1,5,5,1,1,5,5,4,1,2,5,1,1,4,5,3,1,3,2,4,5<br>
A01283244,5,3,1,1,5,5,1,1,5,5,1,1,5,5,1,1,5,5,1,1,5,5,1,1,5,5,1,1,5,5,3,1,5,0,0,0,5,5,1,1,5,5,1,1,5,4,3,1,0,5,0,0,5,5,1,1,5,5,1,1,5,5,1,0,5,5,3,1,1,1,5,5<br>
A01283246,4,2,4,1,5,4,5,1,5,3,1,4,1,1,4,4,5,4,2,3,5,0,0,1,4,3,4,3,5,0,5,0,4,0,0,0,5,4,2,0,5,3,3,0,5,3,4,1,5,5,0,0,5,0,0,5,4,5,5,1,2,4,1,0,4,5,3,1,5,4,3,2<br>
A01283249,5,5,3,1,4,4,5,1,5,4,5,5,5,5,3,3,4,4,2,2,5,2,2,1,5,5,2,1,5,2,4,1,5,1,1,1,5,4,1,1,5,3,3,1,5,5,3,1,4,5,1,1,5,5,1,1,5,5,5,1,5,5,2,4,5,5,5,1,2,3,4,4<br>
A01283302,5,3,4,4,2,3,2,1,5,4,1,2,2,4,1,2,4,4,2,3,5,0,4,1,5,4,3,1,3,4,4,2,5,1,1,1,4,2,4,0,5,1,3,3,5,4,4,3,5,5,1,1,5,5,1,1,3,4,4,3,1,4,1,2,3,4,4,2,4,4,3,4<br>
A01283303,5,2,4,1,5,4,4,1,5,4,1,4,0,3,1,3,4,4,3,2,3,0,2,3,4,4,4,1,4,0,4,4,4,0,0,0,4,5,2,0,5,3,4,0,4,3,4,3,5,5,1,0,5,3,0,3,5,5,3,3,0,4,1,4,0,5,4,0,3,3,4,4<br>
A01283326,5,4,4,1,5,5,4,1,4,5,5,4,5,5,1,2,5,5,2,2,5,0,1,1,5,5,2,1,5,4,3,1,5,1,1,1,5,4,1,1,4,4,1,1,5,3,1,1,5,5,1,1,5,5,1,1,5,5,1,1,4,5,1,1,4,5,2,1,2,1,5,5<br>
A01283350,5,2,4,3,3,3,5,2,3,4,2,5,4,3,3,4,4,4,3,3,4,1,5,1,3,3,4,3,4,3,4,1,4,1,0,0,4,2,3,1,5,1,3,2,5,3,3,2,4,4,1,2,5,3,1,2,4,4,3,2,2,4,2,4,3,4,2,1,5,4,3,3<br>
A01283351,4,4,4,2,3,3,5,1,5,3,1,0,4,5,1,3,5,4,1,3,5,1,4,1,4,3,4,1,5,1,5,1,3,1,1,1,4,3,3,1,4,4,1,2,5,3,3,1,5,5,1,1,5,5,0,1,5,5,3,1,3,4,0,1,1,5,4,1,2,2,4,4<br>
A01283360,5,4,3,2,4,3,5,3,5,3,1,5,3,5,2,4,4,4,1,3,4,5,3,1,5,4,3,1,3,2,4,1,4,1,1,1,5,4,1,1,5,4,3,1,5,3,3,1,3,5,2,3,5,4,1,1,4,5,5,1,1,4,1,1,5,3,2,1,3,2,4,4<br>
A01283369,5,3,2,2,5,5,5,2,5,5,1,4,3,3,3,3,4,4,2,2,4,0,3,1,4,4,2,2,5,3,3,1,4,2,1,1,4,4,2,1,5,2,4,1,5,5,3,3,5,5,1,1,5,5,0,1,4,5,4,4,3,4,1,1,4,5,2,1,2,2,4,3<br>
A01283384,1,3,4,1,1,1,5,1,5,5,1,1,4,5,4,4,4,4,3,2,5,4,4,1,5,4,3,1,4,4,4,2,4,2,1,1,5,2,1,1,4,3,4,1,5,5,2,2,3,4,2,2,5,4,1,5,4,5,3,1,4,4,3,2,4,4,3,2,3,2,4,3<br>
A01283387,1,5,4,1,5,5,5,1,4,5,1,4,2,5,2,3,5,5,2,4,5,5,4,2,5,4,5,1,5,4,3,1,4,1,1,1,5,3,2,1,5,5,4,1,4,3,3,3,2,5,1,3,5,5,1,3,4,3,4,4,4,4,3,1,4,4,5,1,3,3,5,5<br>
A01283390,4,3,3,2,2,5,5,2,5,3,4,5,3,1,5,4,5,5,2,2,2,0,1,2,5,4,4,3,1,5,4,3,4,1,1,1,3,1,3,3,4,2,2,2,3,4,4,2,4,5,1,1,3,3,2,1,5,2,5,5,2,2,2,4,4,4,5,2,4,3,4,4<br>
A01283403,5,3,4,1,5,3,1,1,5,3,1,3,3,4,3,3,5,3,2,3,3,5,1,1,5,5,4,4,5,5,2,1,3,1,1,1,3,3,1,1,3,5,1,1,5,3,1,1,5,3,1,1,5,5,1,3,5,3,4,4,4,5,1,1,3,4,5,2,3,1,5,5<br>
A01283411,5,2,2,1,5,4,5,1,5,5,1,3,4,4,2,3,4,4,2,3,5,0,3,2,4,4,3,1,4,0,3,1,4,0,0,0,4,4,1,1,3,3,2,1,5,5,4,3,4,4,1,1,5,5,1,1,3,4,3,2,3,4,1,1,5,4,3,1,2,2,3,3<br>
A01283428,5,5,2,2,5,5,3,1,5,4,1,1,5,5,1,1,5,5,1,1,5,4,2,1,4,5,3,2,5,5,1,3,5,1,3,1,5,3,2,2,4,3,4,2,5,3,4,1,5,5,1,1,5,4,1,1,5,3,3,3,3,5,1,0,3,5,4,1,1,4,5,5<br>
A01283440,5,5,3,2,4,4,5,4,5,5,1,4,5,5,3,2,4,5,1,1,5,0,5,1,5,5,4,4,5,5,3,1,5,1,0,1,5,4,1,1,4,1,1,1,5,4,3,2,5,5,1,1,5,5,1,1,5,5,3,1,4,5,1,4,4,5,5,1,1,2,4,4<br>
A01283443,1,4,4,2,4,5,4,1,5,5,1,5,4,4,2,4,4,4,3,2,5,0,0,2,5,5,3,4,4,4,4,3,4,0,0,0,4,4,2,0,4,2,4,0,4,4,4,2,4,4,4,0,5,4,0,0,5,4,2,4,4,4,3,0,3,4,4,0,5,4,4,4<br>
A01283466,4,3,3,2,3,3,5,4,4,5,2,2,2,4,4,4,3,3,3,2,3,0,4,1,3,2,4,4,4,2,3,1,4,0,1,0,4,3,3,2,4,2,5,1,4,4,4,4,4,5,1,2,5,5,1,1,5,4,3,3,2,4,3,2,4,3,4,1,4,3,3,2<br>
A01283470,5,4,4,4,4,5,4,2,5,5,1,4,5,5,3,4,4,4,3,4,4,0,4,0,5,5,3,0,4,0,3,0,5,0,0,0,0,3,2,1,4,3,0,0,5,5,0,1,5,0,1,1,5,5,1,1,5,5,4,1,4,5,0,5,5,5,3,3,4,1,3,0<br>
A01283473,4,4,4,2,3,3,5,1,1,1,4,3,2,3,3,2,3,3,2,2,2,4,4,4,3,2,4,3,3,3,4,3,4,3,1,1,3,4,3,2,2,1,4,1,2,2,3,4,3,4,1,2,3,1,4,1,4,2,4,3,2,4,2,4,2,4,4,1,2,3,3,3<br>
A01283483,2,4,5,4,4,4,5,1,5,5,1,4,2,2,3,5,4,2,2,4,4,4,2,1,4,4,4,1,5,5,5,2,4,4,1,1,5,2,1,1,5,4,1,1,5,0,4,1,0,5,0,0,5,5,1,1,5,1,4,5,2,4,1,1,0,5,5,1,2,2,4,4<br>
A01283495,5,3,4,1,4,2,4,1,5,5,1,4,5,5,2,1,4,5,1,1,3,0,4,1,5,5,2,1,4,5,4,1,5,0,1,1,4,4,1,1,5,3,5,1,5,4,4,2,4,5,1,1,3,4,4,1,5,5,4,1,4,4,1,5,5,5,3,1,1,1,5,5<br>
A01283776,5,3,3,2,3,4,5,1,4,5,1,5,5,5,1,3,3,3,1,4,5,0,5,2,5,5,5,2,5,5,5,1,5,1,1,1,5,1,1,1,5,5,5,1,4,2,5,1,5,5,1,3,5,3,1,3,5,4,3,1,1,4,1,1,4,5,5,3,3,5,3,3<br>
A01283887,5,4,4,1,5,5,5,1,5,4,1,1,4,3,1,2,5,4,1,1,4,4,1,1,4,3,3,5,5,5,3,2,5,3,3,1,4,3,2,2,4,4,4,1,5,3,2,1,5,1,1,1,5,5,1,1,4,4,3,4,3,5,1,1,3,5,5,2,1,2,4,4<br>
A01283944,5,2,3,1,4,3,5,1,5,4,1,2,1,4,4,5,3,5,3,3,1,0,2,3,4,3,5,2,3,3,3,1,5,1,1,1,5,3,1,1,4,1,4,1,3,2,4,4,5,5,1,1,4,3,1,1,5,5,4,2,2,3,1,4,4,5,4,1,5,5,3,2<br>
A01283970,4,5,4,3,5,5,4,2,5,4,1,4,5,5,2,4,4,4,2,3,4,4,4,1,5,4,3,1,5,2,2,1,4,1,1,1,1,4,4,1,4,5,2,1,5,5,3,1,5,4,2,1,1,4,1,1,5,5,4,1,4,4,1,4,4,4,4,1,3,2,5,4<br>
A01328970,5,3,3,5,4,2,5,1,5,5,1,5,2,2,3,4,4,4,3,5,4,4,4,1,5,3,2,1,5,3,2,1,4,1,5,1,3,3,2,2,4,5,5,4,5,3,1,1,3,3,2,1,5,3,1,5,5,5,4,4,1,4,1,4,3,3,4,2,4,2,4,4<br>
A01329252,5,1,2,1,5,5,5,1,5,4,1,4,4,4,2,2,4,5,2,4,5,0,5,1,4,4,4,2,4,3,4,2,5,1,1,1,4,4,1,1,5,5,4,1,4,2,2,1,4,5,1,1,4,5,1,2,5,5,2,1,5,5,1,1,4,5,3,2,4,2,5,5<br>
A01335337,5,2,2,1,5,5,5,1,5,5,1,5,4,5,2,4,5,4,2,4,5,5,4,1,5,5,4,1,4,4,2,1,5,5,5,1,4,4,1,1,5,4,4,1,5,1,3,1,4,5,1,1,5,5,1,1,5,5,2,4,5,5,2,1,5,5,2,1,4,2,4,4<br>
A01351360,4,5,5,2,5,4,1,1,5,5,1,5,5,5,2,2,4,3,2,4,5,2,5,1,5,5,3,1,5,5,4,1,5,1,5,1,5,2,2,1,5,5,1,3,5,4,2,1,4,5,2,4,5,5,4,1,5,5,1,3,1,4,1,4,4,5,5,3,2,1,5,4<br>
A01351422,4,5,4,2,4,5,5,1,5,5,2,4,4,4,2,1,4,5,1,2,5,3,4,1,5,5,2,2,5,4,5,1,5,1,1,1,4,3,2,2,5,4,4,2,5,4,2,1,4,5,1,4,5,5,1,2,5,5,2,2,2,4,1,1,3,5,5,2,1,2,5,5<br>
A01351456,4,4,5,2,5,3,5,1,5,5,1,4,3,4,3,5,4,4,5,4,5,4,4,1,5,2,2,3,5,2,5,2,5,3,3,1,4,2,4,1,3,2,4,2,5,5,3,2,3,5,1,3,0,0,1,1,4,4,3,4,2,4,3,2,2,5,4,3,5,3,2,3<br>
A01364379,4,3,5,3,3,4,3,1,5,5,1,3,3,3,2,2,4,3,2,1,3,4,5,2,5,3,4,3,3,3,3,1,5,2,1,1,5,3,2,1,4,2,4,1,5,3,3,2,3,5,1,3,5,5,1,1,5,5,1,2,3,4,2,1,3,5,3,1,3,3,2,4<br>
A01364803,5,1,2,2,4,1,1,1,5,4,1,2,4,4,3,2,5,3,2,4,4,1,4,1,3,4,5,2,4,1,4,2,4,1,1,1,4,2,2,1,4,1,2,1,1,2,4,4,4,5,1,1,5,5,1,1,4,4,3,2,2,4,1,1,3,3,5,1,1,2,4,4<br>
A01365537,1,4,3,1,5,4,4,4,4,4,1,5,5,5,3,4,5,4,1,4,5,3,5,1,5,5,3,1,5,4,4,1,5,1,1,1,5,4,3,1,3,3,5,1,5,5,2,1,1,5,1,1,5,5,5,1,4,5,4,1,3,5,1,5,5,5,3,1,4,2,4,4<br>
A01365607,5,2,4,1,5,5,4,1,5,5,1,1,4,5,2,4,4,4,1,3,5,2,3,1,5,4,2,1,5,2,3,1,5,1,4,1,5,3,2,1,5,2,3,1,5,4,3,2,5,5,1,1,5,4,1,1,5,5,4,2,2,4,1,1,3,5,3,1,2,1,3,4<br>
A01365906,5,2,4,1,5,5,4,1,5,3,1,4,4,4,3,2,5,4,2,2,2,5,5,3,5,4,4,1,5,5,4,1,5,0,0,0,5,2,2,1,5,2,1,1,5,5,3,3,4,5,1,1,5,5,1,1,4,5,4,1,3,4,1,1,4,4,4,1,4,2,4,3<br>
A01365908,5,3,4,1,4,5,5,1,5,5,1,2,4,4,2,4,4,4,2,3,3,0,3,1,4,4,2,2,4,3,5,1,5,1,1,1,4,3,2,1,4,2,2,1,5,4,4,3,5,5,1,2,5,5,1,2,5,5,4,2,3,5,1,5,3,4,4,1,5,4,1,2<br>
A01366368,4,4,4,1,4,4,4,3,5,5,3,2,3,4,4,4,5,5,3,4,5,4,3,1,5,4,3,3,5,5,4,1,4,0,1,1,4,3,1,3,5,2,3,1,5,5,3,1,4,3,1,3,5,5,1,3,4,5,4,3,3,4,1,0,4,5,5,2,5,3,4,4<br>
A01374852,4,4,4,2,4,5,4,1,3,1,4,3,2,5,1,4,5,3,3,5,5,5,1,3,3,4,4,5,3,5,5,5,5,5,5,0,5,5,5,5,5,5,5,5,5,5,5,5,5,5,5,5,5,5,5,5,5,5,5,5,5,5,5,5,5,5,5,5,5,5,5,5<br>
A01376606,5,2,3,3,5,4,2,1,5,5,1,2,4,4,2,2,4,5,2,2,3,5,5,2,5,4,1,1,5,3,4,1,5,1,1,1,5,3,2,2,5,2,2,1,4,3,3,3,5,5,1,1,5,5,1,3,5,5,4,1,3,5,1,5,4,5,3,2,1,2,4,4<br>
A01376723,1,1,4,4,5,5,5,1,5,5,2,0,5,5,1,0,3,3,1,2,2,4,5,1,5,5,4,1,5,1,4,0,5,1,0,1,3,3,4,5,0,0,0,0,0,0,0,0,0,0,0,0,0,0,0,0,0,0,0,0,0,0,0,0,0,0,0,0,0,0,0,0<br>
A01376762,4,2,4,2,3,4,5,4,3,4,1,2,3,4,3,4,4,4,2,3,4,3,2,1,4,4,3,4,4,4,4,2,4,1,3,1,4,3,3,2,4,2,4,2,4,4,4,2,3,4,2,3,2,4,2,2,4,4,4,2,2,3,2,2,0,3,4,2,2,2,4,4<br>
A01377459,5,2,4,1,3,4,5,1,5,5,3,4,3,4,2,4,4,5,1,3,3,2,1,1,5,4,4,1,4,5,2,2,4,2,2,1,4,2,3,2,5,3,4,1,5,3,3,1,3,5,1,2,5,5,1,1,4,5,4,1,3,2,1,1,3,4,4,1,4,3,4,3<br>
A01377708,3,3,5,3,5,5,5,1,5,5,1,1,5,5,1,3,5,4,1,5,3,1,5,1,5,5,5,1,5,5,5,1,5,1,1,1,3,3,3,1,4,5,1,1,5,1,3,1,5,5,1,1,5,5,1,1,5,5,3,1,1,5,1,1,3,5,5,5,1,1,5,5<br>
A01380928,5,4,4,3,3,3,5,5,3,2,3,3,2,3,4,4,3,4,2,4,4,4,5,2,3,2,3,1,5,5,4,0,5,0,4,0,4,1,3,0,3,2,2,0,5,3,5,1,3,5,1,1,5,4,0,0,3,3,5,5,3,5,0,4,5,5,3,0,3,3,4,4<br>
A01382164,4,1,5,3,4,4,4,1,5,5,1,3,3,3,1,1,3,3,1,1,5,1,0,3,5,4,1,2,3,5,5,2,5,0,0,0,5,1,1,0,4,0,1,0,3,3,3,0,4,5,1,1,5,5,0,1,5,5,3,1,4,5,1,0,1,5,4,0,1,1,5,5<br>
A01382182,5,2,3,2,3,2,4,1,5,4,1,3,2,4,0,5,3,4,0,2,4,0,5,0,5,3,4,1,3,5,4,1,4,0,0,0,5,3,3,1,5,2,4,0,4,3,5,2,4,5,0,1,5,3,1,3,5,5,3,3,0,4,0,0,3,3,3,1,4,2,4,3<br>
A01382187,5,3,3,1,4,4,1,1,5,5,1,1,4,4,1,1,4,4,1,1,4,0,1,1,5,4,3,1,3,0,3,1,5,1,1,1,4,3,2,1,4,3,3,1,5,1,3,1,4,4,1,1,5,5,1,3,5,5,3,1,4,4,1,1,1,5,4,1,1,2,4,4<br>
A01382193,5,3,4,2,4,3,4,1,5,5,1,4,4,4,2,2,5,3,2,3,4,5,4,1,5,4,3,1,0,4,4,1,5,0,1,1,5,3,3,1,4,3,3,1,5,4,4,3,5,4,1,1,5,5,1,2,5,5,3,1,3,4,1,1,4,5,4,1,4,2,5,5<br>
A01382254,5,4,5,3,4,5,1,1,4,4,1,2,5,5,1,2,5,3,2,2,5,3,3,1,5,5,2,1,5,4,4,1,4,2,3,0,4,4,2,1,4,3,3,2,5,4,3,1,4,4,0,0,5,5,0,1,4,4,3,3,3,5,1,3,4,4,4,4,1,3,5,5<br>
A01382259,5,3,4,3,4,4,4,1,5,5,1,1,4,5,4,4,4,3,3,4,5,0,2,2,4,4,3,1,2,2,4,1,5,1,1,1,5,5,2,2,4,1,3,2,5,3,4,1,5,5,1,1,5,5,1,3,4,4,4,2,2,4,1,4,4,4,5,1,4,4,3,3<br>
A01382305,4,2,4,3,3,4,4,1,3,5,1,4,4,4,1,3,4,4,1,3,4,3,3,1,4,5,3,2,4,2,5,3,5,1,1,1,5,3,4,2,3,3,3,1,4,3,4,2,0,4,1,2,5,4,1,2,5,4,2,2,2,4,3,4,3,4,4,3,3,2,4,5<br>
A01382347,5,3,4,2,4,4,4,1,5,4,1,1,4,5,1,3,4,3,2,4,5,5,2,1,5,5,4,1,5,1,3,1,5,1,1,1,1,3,1,1,5,4,3,1,4,4,4,4,4,5,1,1,5,5,1,4,5,4,4,1,4,4,1,1,3,4,4,2,3,2,4,4<br>
A01382393,3,4,4,3,0,2,4,1,5,4,0,4,3,4,2,3,4,3,3,4,4,5,4,0,4,3,4,1,4,4,5,2,5,2,1,1,5,3,3,1,3,1,4,1,5,3,4,3,2,4,2,3,5,4,1,1,4,5,3,1,1,3,2,1,0,5,0,3,4,2,4,3<br>
A01382403,5,1,4,4,5,3,4,1,5,3,1,4,3,4,1,4,5,3,1,2,4,5,5,1,5,4,4,1,5,5,5,1,5,1,1,1,5,4,2,1,4,4,2,1,5,5,2,1,4,5,1,1,5,3,1,1,3,3,2,2,2,3,1,1,5,5,3,1,3,2,3,4<br>
A01410702,5,3,5,1,4,5,2,1,5,5,3,4,4,4,4,2,2,5,1,2,3,4,4,3,4,2,2,5,3,4,5,5,5,1,1,1,3,3,4,4,5,3,2,1,1,3,5,4,5,5,1,2,5,4,2,1,4,5,4,1,1,5,1,4,4,5,5,1,2,4,2,4<br>
A01411153,1,2,2,3,4,5,4,1,4,4,3,5,3,4,4,3,4,4,3,4,2,0,4,3,3,4,4,4,4,4,4,2,4,2,1,1,4,3,1,2,4,1,2,1,2,3,4,4,4,4,1,1,3,4,2,2,4,4,4,2,2,4,1,1,4,4,5,1,4,4,4,3<br>
A01411248,4,3,4,1,3,2,2,1,5,2,1,5,2,1,4,5,3,4,2,1,1,2,4,3,4,4,4,3,3,4,5,2,4,0,0,0,5,3,2,4,4,3,4,2,5,3,2,1,5,3,1,1,5,2,0,1,3,2,3,3,1,2,1,5,4,3,5,2,5,5,2,3<br>
A01411257,1,5,4,1,4,4,5,1,5,5,1,4,4,4,1,3,5,3,1,2,5,4,3,1,5,4,3,1,4,1,2,2,5,1,1,1,5,4,1,1,4,3,4,4,5,4,3,2,5,5,1,1,5,3,1,3,5,5,2,1,3,5,1,1,4,5,4,3,1,3,4,4<br>
A01411353,1,3,3,1,3,1,1,0,5,3,1,1,5,5,5,4,3,5,1,4,5,5,5,1,5,5,3,1,3,2,4,1,5,1,1,1,5,4,1,1,4,2,3,0,5,3,3,1,5,5,1,1,5,0,1,1,4,5,4,1,1,5,1,1,0,0,3,1,5,3,4,3<br>
A01540286,1,4,4,1,3,4,2,1,5,5,1,5,4,5,3,4,4,5,2,3,5,2,1,1,5,4,5,2,2,5,4,1,5,1,1,1,5,3,2,1,5,3,4,1,5,4,2,1,5,5,1,1,5,4,1,1,5,4,4,2,1,4,1,1,4,5,4,1,5,2,3,3<br>
A01551731,5,2,2,1,4,4,4,4,4,4,1,4,5,4,2,3,5,4,2,3,4,4,4,2,4,5,4,3,4,2,4,3,5,1,1,1,4,3,3,3,5,4,1,2,3,2,4,3,3,4,2,4,5,4,1,1,5,5,2,4,2,4,1,4,3,5,4,2,2,2,4,5<br>
A01551765,5,2,3,2,3,3,3,1,5,4,1,4,2,3,2,4,4,5,2,4,4,0,2,2,5,3,3,2,2,2,4,3,4,1,1,1,4,3,2,3,4,1,4,3,5,4,5,3,5,5,0,0,4,3,0,2,4,4,4,3,3,4,0,1,3,5,4,1,4,2,4,4<br>
A01551857,5,3,4,2,3,3,4,1,5,4,1,1,4,3,3,2,5,3,3,3,4,0,1,1,4,5,4,1,4,0,3,1,5,1,1,1,4,4,2,1,5,2,3,4,5,2,4,1,5,4,1,1,5,0,0,3,5,5,2,2,2,4,1,1,3,3,3,1,3,2,4,4<br>
A01566211,5,4,4,4,4,4,4,4,4,4,1,2,4,4,2,5,4,4,4,4,4,4,2,2,3,3,3,1,5,2,4,2,3,2,5,1,1,2,5,2,4,3,3,3,3,3,3,3,3,3,3,3,3,3,3,3,3,3,3,3,3,3,3,3,3,3,3,3,3,3,3,3<br>
A01566617,4,3,4,2,4,3,2,1,5,5,1,2,4,3,2,3,3,3,2,2,4,2,2,1,5,4,2,1,1,4,4,2,4,1,1,1,4,3,2,2,3,2,3,3,3,2,3,3,4,4,1,2,5,4,1,1,4,4,3,1,3,4,2,2,3,5,3,2,2,2,3,3<br>
A01570099,4,3,2,1,4,3,5,1,4,5,1,1,2,5,2,4,4,5,2,1,5,5,4,1,5,5,1,1,3,5,5,1,5,1,1,1,4,4,3,1,5,2,4,1,5,2,3,1,4,5,1,2,5,4,1,1,5,5,3,1,1,4,1,1,3,4,5,1,2,2,4,4<br>
A01570105,5,3,4,2,4,3,4,4,3,5,1,4,3,4,3,4,4,5,3,3,3,3,3,1,5,4,3,3,3,4,4,0,3,0,1,1,4,3,3,1,5,1,4,1,5,4,4,2,4,5,1,1,5,5,1,4,4,5,4,3,2,5,1,1,3,4,4,1,3,2,4,3<br>
A01570110,5,1,5,5,1,1,1,1,4,5,1,4,1,2,5,5,3,4,4,5,2,0,4,4,1,1,5,5,1,1,4,2,4,0,0,0,5,4,4,2,5,1,2,4,2,1,4,4,4,4,1,1,1,1,1,1,1,1,4,5,2,4,1,5,3,2,5,2,5,4,2,1<br>
A01570121,4,2,4,3,4,4,2,1,4,4,1,4,4,3,3,3,4,3,4,3,4,2,2,1,4,4,2,4,3,5,4,1,5,1,1,1,4,2,2,1,4,3,2,4,4,4,3,3,4,5,1,1,5,4,1,1,3,3,4,2,2,4,2,5,4,5,3,1,3,2,4,4<br>
A01570128,5,4,4,2,4,4,5,1,4,4,2,5,2,4,5,4,4,3,3,2,5,5,5,1,4,4,4,4,5,4,5,3,4,1,1,1,2,4,2,1,4,2,4,1,5,4,3,3,5,5,1,1,5,5,1,1,5,5,4,5,2,3,4,1,3,4,4,2,4,4,2,2<br>
A01570131,5,4,5,4,5,5,5,1,5,5,1,4,5,5,3,3,5,3,1,2,5,5,4,2,5,5,3,3,5,2,3,1,5,1,1,1,5,3,3,1,5,4,2,1,5,3,2,1,5,5,1,1,5,0,0,1,4,5,3,1,2,5,1,3,2,4,4,1,2,3,2,4<br>
A01570134,5,3,2,1,4,5,5,3,5,5,1,4,5,5,2,4,2,3,1,4,5,5,4,1,4,4,1,1,4,4,4,1,4,1,1,1,5,3,1,1,5,2,5,1,4,3,1,1,2,3,1,1,5,5,1,1,5,5,5,1,1,5,1,5,4,4,3,1,4,2,4,5<br>
A01570139,5,5,4,3,4,4,4,1,5,3,1,5,5,5,3,4,4,5,1,3,5,0,3,1,5,4,2,2,2,4,4,1,5,1,2,1,4,3,2,1,4,3,3,1,5,5,4,2,1,2,1,4,4,3,0,1,5,5,3,4,3,5,1,2,3,3,4,2,4,4,3,3<br>
A01570143,5,3,3,4,5,5,5,5,5,5,1,5,5,5,2,2,5,5,1,1,5,0,4,1,5,5,1,3,5,5,3,1,4,1,1,1,5,3,2,2,5,5,1,1,5,5,3,2,5,5,1,1,4,5,1,1,5,5,3,4,3,4,1,1,5,5,3,1,3,3,4,5<br>
A01570166,5,1,4,2,4,5,4,1,5,4,1,4,2,4,4,5,4,3,3,5,4,0,3,1,4,3,5,3,4,0,4,1,5,0,0,1,4,3,3,1,3,4,3,1,5,5,3,1,4,3,1,4,5,0,1,1,5,5,4,1,2,3,4,1,3,5,3,1,5,4,3,3<br>
A01570183,5,1,2,1,3,2,1,1,5,5,1,4,2,4,3,5,4,4,4,4,2,4,4,3,3,2,4,5,3,4,5,3,2,1,1,1,5,3,1,1,5,3,5,2,4,1,4,5,5,5,1,1,5,3,4,4,5,4,5,3,1,2,2,4,5,5,5,2,5,5,2,2<br>
A01570193,5,3,4,1,5,4,5,1,5,5,1,4,4,5,3,2,3,5,4,3,5,1,5,1,5,4,3,1,5,2,4,1,5,1,1,1,4,3,1,1,5,2,4,1,5,4,3,1,5,4,1,1,5,3,1,1,5,4,5,2,5,4,2,1,4,4,3,2,5,4,4,4<br>
A01570198,1,5,3,1,4,4,5,1,3,5,1,4,3,5,2,5,4,5,5,5,5,5,1,1,5,4,2,1,4,3,4,1,5,1,1,1,4,5,2,1,5,3,5,1,5,4,3,2,5,5,1,1,5,5,1,1,5,5,3,1,3,5,1,1,5,5,3,1,3,1,4,4<br>
A01570201,5,4,4,3,4,4,4,0,5,4,1,3,4,4,2,4,4,1,2,2,4,0,4,1,4,4,3,1,4,4,5,1,5,0,0,0,4,2,2,1,5,5,1,2,5,4,3,2,3,4,0,0,0,4,1,2,5,5,3,1,3,4,1,0,4,3,4,0,3,2,4,4<br>
A01570204,4,3,5,1,4,4,5,1,4,3,1,4,4,4,2,4,4,2,4,4,5,4,5,2,4,4,3,1,5,5,4,1,4,1,1,1,3,2,4,2,5,2,4,4,2,2,5,4,4,5,1,1,5,5,1,4,5,5,4,2,2,5,1,3,4,5,5,2,3,2,4,4<br>
A01570207,5,3,4,3,5,5,5,4,5,4,1,0,4,5,5,4,5,3,3,5,5,5,5,1,5,5,2,1,5,0,5,1,5,1,1,1,4,3,2,1,5,1,1,1,5,3,4,3,5,0,1,1,5,5,1,1,5,5,5,1,5,5,1,1,0,4,5,1,4,2,4,5<br>
A01570234,4,4,4,2,5,5,2,1,5,5,1,4,2,4,3,2,5,4,2,1,5,1,3,1,4,4,4,2,5,4,4,1,5,1,1,1,4,4,2,1,3,2,4,1,4,3,4,2,4,4,2,4,3,4,2,1,4,5,4,2,2,5,2,5,4,4,4,2,2,4,2,4<br>
A01570247,5,4,4,1,5,5,5,2,4,4,1,5,4,5,5,5,3,5,2,2,5,0,2,1,4,3,3,4,4,2,4,1,5,0,0,1,4,3,3,0,5,2,3,0,5,4,3,2,4,4,5,5,3,3,0,1,3,4,4,2,3,4,1,1,3,5,4,1,5,4,3,3<br>
A01570255,5,4,5,2,5,5,4,1,5,5,1,4,3,5,2,3,3,4,2,3,5,3,4,2,5,5,1,1,5,3,2,1,5,1,1,1,5,4,1,1,5,5,2,1,5,4,3,1,5,5,1,1,5,5,1,4,5,5,4,2,3,5,1,1,3,4,3,2,2,2,4,4<br>
A01570274,5,4,3,1,5,5,5,4,4,4,1,4,4,5,1,4,4,4,2,3,5,5,4,1,5,4,3,1,5,2,2,2,3,1,1,1,4,3,1,2,5,4,2,1,4,4,3,2,5,5,1,1,5,5,1,1,5,5,3,1,2,4,1,2,4,4,4,2,3,1,5,5<br>
A01570319,5,2,2,2,4,4,5,1,5,4,1,5,3,4,2,3,5,4,2,3,5,2,5,1,3,4,4,1,3,5,4,2,3,1,1,1,4,3,3,2,5,1,4,1,4,4,4,2,4,5,1,1,5,5,1,1,4,5,4,1,2,4,1,1,4,4,3,1,4,3,4,4<br>
A01570358,4,2,3,3,4,4,5,4,4,3,1,4,4,4,2,4,5,2,3,2,4,4,3,3,2,4,4,3,2,4,5,3,4,2,2,1,4,3,4,4,2,2,2,1,4,1,4,5,3,5,2,2,2,2,2,1,2,3,4,4,2,2,2,4,4,4,5,2,2,5,3,4<br>
A01570363,5,4,4,2,3,5,5,1,5,5,1,1,5,5,5,4,3,5,4,3,5,1,1,2,3,3,2,3,3,5,5,1,4,2,1,1,4,1,5,4,5,2,5,1,3,4,2,4,5,1,1,1,3,4,1,1,2,4,2,2,1,3,2,1,3,3,5,1,4,2,2,4<br>
A01570636,5,1,3,2,2,1,4,1,4,2,1,3,1,2,3,5,3,4,5,2,3,0,5,4,2,1,5,4,1,0,5,5,3,0,0,0,4,3,3,0,1,1,5,4,5,5,5,2,4,5,0,1,5,1,5,3,5,5,5,1,0,3,5,1,3,5,0,1,5,5,1,1<br>
A01610628,4,2,4,1,5,4,4,1,4,5,2,5,1,4,4,4,3,4,2,4,2,0,5,4,1,2,4,4,0,0,4,4,5,0,0,0,4,3,2,2,5,4,4,3,2,2,5,3,3,5,1,1,5,2,1,1,4,4,5,2,4,4,1,2,4,5,4,1,4,4,4,2<br>
A01611133,5,4,4,1,3,2,3,1,5,4,1,4,3,4,2,3,3,4,2,2,4,2,4,1,3,4,4,3,4,2,4,1,4,2,1,1,4,4,3,1,4,4,2,1,5,4,3,2,3,4,1,4,5,5,1,1,3,4,4,3,2,4,1,2,3,3,4,2,3,3,4,4<br>
A01620276,5,3,2,1,4,2,1,1,4,4,1,1,4,5,1,1,5,5,5,2,4,5,4,1,5,5,4,1,5,4,4,1,4,1,1,1,4,3,2,1,5,4,4,3,5,3,4,4,3,5,1,1,5,4,1,3,4,4,2,1,2,4,1,1,3,5,4,1,2,2,5,5<br>
A01631018,4,2,4,2,4,4,4,1,4,4,1,1,2,4,1,2,5,4,2,2,2,2,1,2,4,5,3,2,2,5,4,2,5,1,1,1,4,3,4,3,4,4,2,1,2,2,3,2,5,5,1,1,5,5,1,1,4,4,3,3,2,4,1,1,4,4,2,1,1,3,5,4<br>
A01631486,1,3,5,4,2,4,5,1,4,4,1,3,5,5,2,4,4,1,2,2,2,5,1,1,5,5,3,1,5,1,5,1,5,1,1,1,5,3,4,1,5,5,1,3,5,3,3,1,3,5,1,1,5,5,1,4,5,5,4,2,1,4,1,4,2,5,5,1,3,2,4,4<br>
A01632009,4,4,3,4,4,5,4,1,5,5,2,2,4,5,1,2,5,3,2,1,4,3,2,2,4,4,2,1,5,2,3,1,5,0,2,1,5,4,2,1,5,4,1,3,3,3,4,2,2,4,3,1,5,4,1,1,4,5,2,1,3,4,1,1,4,4,3,2,1,2,5,5<br>
A01633896,5,1,4,3,5,5,3,1,5,3,1,4,4,5,2,3,5,5,2,1,5,5,4,1,5,5,3,1,5,5,4,1,5,1,1,1,5,5,2,1,4,3,3,1,5,3,3,1,5,5,1,1,5,5,1,1,5,5,5,1,3,4,2,1,5,5,5,1,3,2,4,4<br>
A01635576,5,3,3,2,3,2,5,4,5,4,1,3,4,4,2,4,4,5,3,3,4,0,0,1,5,4,3,1,4,4,4,1,3,4,0,0,4,3,2,1,5,3,4,1,5,5,3,2,5,5,1,1,4,4,1,2,4,5,4,1,4,4,1,1,4,4,4,1,4,2,2,4<br>
A01635828,5,2,3,3,4,3,4,1,4,4,1,2,4,4,3,2,5,4,1,4,4,3,1,1,5,4,2,1,5,4,3,2,5,1,2,1,4,2,1,1,5,3,2,1,4,4,4,2,3,4,2,1,5,4,2,1,5,5,3,4,3,5,1,1,3,5,5,2,2,1,4,5<br>
A01636203,5,5,5,1,5,5,1,1,5,5,1,1,5,5,1,1,5,4,1,1,5,5,1,1,5,5,2,1,5,4,3,1,5,1,1,1,5,5,1,1,5,4,2,1,5,4,3,1,5,5,1,1,5,5,1,1,5,5,2,1,4,5,1,1,5,5,4,1,1,2,5,5<br>
A01636763,4,3,2,2,4,4,3,1,4,4,1,3,2,4,1,4,5,4,2,3,5,2,2,1,5,4,3,1,5,4,4,2,5,2,1,1,5,3,1,1,5,4,2,3,5,3,2,1,2,4,2,4,5,4,1,1,3,3,2,2,4,5,1,4,2,4,4,2,3,2,5,4<br>
A01651542,5,3,3,1,5,5,4,1,5,5,1,2,3,4,2,2,3,4,1,3,4,3,2,1,4,4,3,2,4,5,3,2,5,1,1,1,5,3,1,1,4,2,4,1,4,4,4,2,5,5,1,1,4,4,1,3,5,4,2,2,3,2,1,4,3,4,2,1,4,3,4,3<br>
A01651621,5,3,3,2,4,4,5,1,5,4,1,5,4,4,1,1,5,5,2,2,5,5,1,1,5,5,3,1,5,5,4,1,5,1,4,1,5,4,2,2,5,3,3,1,5,5,5,1,5,5,1,1,5,5,1,1,5,5,5,1,3,5,1,1,4,5,4,3,1,1,5,5<br>
A01653827,5,2,3,1,4,5,5,1,5,4,1,5,3,4,1,2,4,3,1,3,4,3,2,1,5,3,3,1,4,2,2,2,4,1,1,1,4,2,1,1,5,3,1,1,5,3,3,2,3,5,1,3,5,3,1,2,4,3,3,2,2,4,1,1,3,4,3,2,2,2,4,4<br>
A01656253,5,2,5,1,5,5,1,1,5,4,1,3,4,3,2,5,4,4,3,3,4,0,2,3,4,4,5,2,5,4,4,2,5,1,1,1,4,5,4,0,5,4,2,2,4,5,5,2,5,5,1,1,5,5,1,2,5,5,5,4,1,3,1,2,3,5,5,1,5,5,1,4<br>
A01656752,5,1,4,2,5,5,3,1,5,5,1,4,2,5,1,4,4,4,1,3,4,4,1,3,4,3,3,1,5,1,4,1,0,1,1,1,5,2,1,0,2,2,4,1,3,2,5,4,5,5,1,1,5,5,1,1,5,5,5,1,2,4,1,5,5,5,3,1,4,4,2,2<br>
A01701099,5,3,4,1,1,1,5,1,5,4,1,1,5,5,2,3,4,4,1,3,5,5,4,1,5,5,1,1,4,4,2,1,5,1,4,1,5,5,1,1,4,4,2,2,5,5,5,5,3,5,3,1,5,5,1,1,5,5,2,2,5,5,1,1,3,5,5,1,5,1,5,5<br>
A01702218,4,3,5,2,4,5,2,1,5,5,1,4,1,5,1,2,5,5,1,1,5,5,2,1,5,4,2,1,5,5,5,1,5,1,1,1,5,2,4,1,4,4,4,1,5,3,4,1,3,5,1,4,5,5,1,1,5,5,3,1,4,4,1,1,3,4,4,1,4,1,5,5<br>
A01720017,5,3,3,2,4,4,2,1,5,5,1,2,5,5,2,3,3,4,2,2,5,4,2,1,5,5,3,1,5,5,5,1,5,1,1,1,5,4,2,1,5,4,1,1,5,5,2,1,5,5,1,1,5,5,1,1,5,5,4,2,3,5,1,1,5,5,5,1,3,2,4,4<br>
A01720053,5,3,4,3,5,5,4,1,5,5,1,1,5,5,4,3,5,4,2,1,5,4,4,1,5,5,1,1,4,5,4,1,4,1,1,1,5,5,2,0,5,4,1,1,5,5,1,1,5,5,1,1,5,0,1,1,3,5,3,4,2,5,1,1,0,3,3,1,3,1,4,4<br>
A01720055,5,3,3,1,5,5,4,1,5,5,1,4,5,5,1,2,4,4,1,2,5,0,1,1,5,4,3,1,4,1,3,2,5,1,1,1,4,3,2,1,5,4,2,1,5,5,3,1,5,4,1,1,5,0,0,2,5,5,2,1,2,4,1,1,4,4,4,1,4,2,4,5<br>
A01720070,5,4,3,1,5,5,4,1,5,5,1,1,5,5,1,1,5,5,1,1,5,0,4,1,5,5,1,1,4,5,3,1,5,2,1,1,5,4,1,1,5,4,2,1,5,3,2,2,5,5,1,1,5,5,1,1,5,5,2,2,4,5,1,1,5,5,3,1,2,1,5,5<br>
A01720078,5,0,3,1,5,5,3,1,5,5,1,3,5,5,1,3,5,5,3,5,5,3,1,1,5,5,3,1,4,5,3,1,3,0,1,1,5,3,1,1,5,4,2,1,5,4,3,2,3,5,1,1,5,5,1,1,5,5,2,1,5,5,1,5,3,3,5,1,4,5,4,4<br>
A01720082,5,2,4,1,4,5,3,1,4,5,1,1,5,4,2,4,5,4,2,2,4,0,1,1,5,5,2,1,4,5,4,1,5,1,1,1,4,2,2,1,5,3,2,1,4,3,2,3,4,5,1,1,5,5,1,1,5,4,4,3,3,4,1,1,3,4,3,1,4,4,3,4<br>
A01720102,5,2,5,1,5,5,5,4,2,4,1,5,4,5,2,4,4,5,4,2,5,0,4,1,5,5,2,1,3,3,5,1,4,1,3,1,3,2,2,1,5,4,2,1,5,4,3,1,4,5,1,4,4,4,1,1,5,5,5,1,5,5,1,5,4,3,4,1,4,2,4,5<br>
A01720172,5,4,5,3,5,1,1,1,5,4,1,1,4,5,1,1,4,5,1,1,5,5,1,1,5,5,1,1,4,5,4,1,5,1,1,1,5,5,1,2,5,3,2,1,5,5,2,1,5,5,1,1,5,0,1,1,5,5,1,1,2,5,1,1,4,5,4,1,1,1,5,5<br>
A01720200,4,2,5,3,2,4,1,1,5,4,1,4,1,1,3,5,4,3,1,3,2,2,2,1,3,2,3,2,2,3,4,2,4,1,4,1,3,2,4,1,4,2,1,1,5,2,4,1,4,4,1,4,5,4,1,1,2,5,4,1,2,4,1,5,4,4,5,1,5,4,5,4<br>
A01720211,5,2,3,2,5,4,3,1,5,5,1,2,2,4,3,4,4,4,1,2,4,2,2,2,5,4,3,2,3,2,4,2,5,1,1,1,3,3,2,2,5,2,4,2,3,3,4,2,3,5,2,4,5,5,1,2,5,5,4,4,3,3,2,2,2,5,4,2,4,2,3,4<br>
A01720262,5,4,4,1,4,5,5,5,5,5,1,4,5,4,4,4,4,4,2,3,5,3,5,1,4,4,3,1,4,2,5,1,5,1,1,1,5,3,4,2,4,2,5,1,5,4,3,1,3,4,1,1,5,4,1,1,5,5,5,3,4,5,1,5,3,5,4,1,3,3,3,4<br>
A01720278,3,1,4,2,3,4,1,1,5,4,1,4,3,3,3,4,4,2,4,4,3,1,4,2,4,4,4,1,3,1,5,4,4,1,1,1,4,3,4,1,4,3,2,2,5,4,4,3,4,4,1,1,4,4,1,3,4,4,3,2,4,4,3,5,2,4,3,1,4,4,3,3<br>
A01720287,1,3,1,1,5,5,4,1,5,5,1,0,4,5,2,3,5,5,1,3,5,5,1,1,5,4,1,1,5,5,4,1,5,1,1,1,5,3,2,1,5,5,3,1,5,5,4,1,5,5,1,1,5,5,1,2,5,5,2,1,4,5,1,1,5,5,3,1,3,1,5,5<br>
A01720663,4,3,3,2,4,4,1,1,5,5,1,2,5,5,2,4,4,3,2,3,5,4,4,1,4,4,3,2,5,2,3,1,4,1,5,1,4,2,2,1,5,4,3,3,4,3,3,2,3,4,2,3,5,3,2,4,5,4,4,2,2,4,2,3,3,4,3,3,2,4,4,4<br>
A01720950,5,4,2,3,4,4,4,1,4,4,1,2,4,4,1,1,5,4,1,2,5,5,2,1,5,5,1,1,5,4,2,1,4,1,1,1,4,3,1,1,5,4,2,1,5,3,3,1,5,5,1,1,5,3,1,2,5,4,2,2,4,4,1,1,3,3,4,2,1,1,5,5<br>
A01720954,4,4,5,1,4,5,5,5,5,5,1,4,5,4,3,5,5,4,3,4,4,1,5,1,4,5,5,1,2,5,5,1,5,1,0,0,4,3,1,1,4,4,1,0,5,5,3,1,0,5,0,0,5,5,1,1,5,5,5,1,4,5,1,5,4,5,3,1,5,5,1,3<br>
A01730734,3,2,4,2,5,5,4,1,4,4,1,4,2,3,2,3,4,4,2,3,4,0,4,3,5,5,2,1,3,3,5,1,4,1,4,0,4,3,4,1,4,2,2,2,5,3,5,2,4,5,1,1,5,4,2,1,4,4,5,4,4,5,1,4,4,5,5,2,4,5,4,4<br>
A01731817,4,3,4,2,3,3,5,3,5,4,1,3,3,3,4,4,4,5,2,4,4,4,4,2,4,4,4,4,4,3,4,2,4,2,1,2,4,4,3,3,4,1,4,2,5,4,4,4,3,4,1,1,4,5,1,2,5,5,4,4,4,4,2,2,3,4,4,2,3,3,3,3<br>
A01732994,5,3,4,2,4,5,4,1,5,4,2,3,2,4,2,3,3,2,3,2,4,1,4,1,4,4,3,1,4,2,5,2,4,5,3,1,5,3,3,2,4,1,4,2,5,4,3,3,3,4,3,4,5,4,1,1,4,5,3,1,2,3,1,2,4,4,4,1,2,3,4,4<br>
A01733121,4,2,4,2,3,4,1,1,5,5,1,5,3,5,1,1,5,5,1,1,4,0,2,3,5,4,3,1,4,1,5,1,5,1,1,1,5,2,2,2,5,4,3,1,4,3,3,2,5,5,1,1,5,2,1,4,5,5,5,1,1,5,0,1,0,4,5,1,1,1,4,0<br>
A01733353,5,3,4,3,3,3,5,1,5,5,1,4,5,5,1,1,4,5,1,4,5,5,4,1,5,5,3,1,3,2,4,2,5,4,1,1,4,5,2,2,5,4,3,1,5,4,3,1,3,5,1,2,5,5,1,1,5,5,5,1,3,5,1,1,4,5,4,3,2,3,5,5<br>
A01747310,5,2,4,3,2,2,4,1,5,4,1,4,2,2,1,3,4,5,2,4,2,1,4,2,4,3,3,4,4,2,5,3,5,1,1,1,2,2,3,2,4,2,4,1,4,2,5,3,3,4,1,4,5,4,1,3,3,5,4,2,1,3,1,1,4,5,4,2,4,2,3,4<br>
A01747326,5,3,5,1,5,5,4,1,5,5,1,2,5,5,1,4,5,5,1,2,5,5,1,1,5,5,1,1,3,1,5,1,5,1,1,1,5,3,4,1,5,4,3,1,5,5,4,1,4,3,1,1,5,5,1,1,3,5,2,1,3,5,1,1,4,5,5,1,4,2,5,3<br>
